Index,Class
0,6
1,14
2,8
3,8
4,4
5,10
6,13
7,17
8,9
9,9
10,5
11,6
12,3
13,10
14,10
15,6
16,7
17,5
18,2
19,5
20,11
21,9
22,8
23,9
24,14
25,11
26,16
27,13
28,13
29,9
30,9
31,11
32,2
33,7
34,5
35,14
36,16
37,10
38,12
39,12
40,17
41,9
42,9
43,7
44,9
45,11
46,12
47,9
48,8
49,5
50,6
51,12
52,9
53,10
54,3
55,9
56,8
57,11
58,3
59,11
60,10
61,8
62,13
63,14
64,5
65,10
66,10
67,18
68,2
69,3
70,13
71,9
72,13
73,8
74,10
75,11
76,7
77,3
78,12
79,10
80,15
81,9
82,7
83,18
84,8
85,2
86,5
87,15
88,9
89,16
90,13
91,8
92,9
93,2
94,10
95,3
96,4
97,4
98,8
99,13
100,9
101,16
102,4
103,10
104,12
105,13
106,17
107,9
108,7
109,10
110,3
111,8
112,10
113,14
114,9
115,5
116,8
117,5
118,11
119,9
120,3
121,1
122,2
123,8
124,15
125,13
126,10
127,8
128,2
129,2
130,10
131,6
132,13
133,9
134,9
135,13
136,15
137,11
138,2
139,8
140,3
141,0
142,12
143,18
144,10
145,3
146,11
147,12
148,18
149,18
150,8
151,10
152,3
153,10
154,10
155,9
156,6
157,3
158,8
159,12
160,11
161,11
162,5
163,8
164,12
165,10
166,2
167,10
168,11
169,6
170,4
171,8
172,8
173,12
174,3
175,12
176,5
177,9
178,8
179,10
180,6
181,7
182,11
183,9
184,4
185,9
186,2
187,14
188,8
189,11
190,15
191,13
192,10
193,8
194,9
195,4
196,14
197,17
198,10
199,4
200,8
201,8
202,13
203,11
204,9
205,12
206,15
207,10
208,13
209,10
210,0
211,7
212,8
213,3
214,16
215,15
216,5
217,8
218,3
219,9
220,6
221,10
222,4
223,13
224,10
225,8
226,16
227,7
228,15
229,9
230,15
231,5
232,8
233,15
234,0
235,8
236,5
237,13
238,5
239,1
240,0
241,11
242,8
243,10
244,7
245,16
246,4
247,2
248,10
249,10
250,16
251,7
252,11
253,3
254,11
255,8
256,9
257,7
258,10
259,5
260,10
261,1
262,2
263,9
264,8
265,1
266,6
267,13
268,13
269,11
270,12
271,4
272,10
273,1
274,7
275,10
276,5
277,3
278,5
279,6
280,14
281,12
282,0
283,8
284,14
285,6
286,5
287,11
288,7
289,1
290,3
291,17
292,9
293,14
294,11
295,10
296,9
297,6
298,7
299,10
300,7
301,10
302,9
303,10
304,9
305,16
306,8
307,14
308,9
309,16
310,5
311,10
312,9
313,13
314,13
315,15
316,12
317,10
318,7
319,12
320,8
321,2
322,8
323,13
324,15
325,9
326,13
327,10
328,10
329,9
330,2
331,8
332,2
333,10
334,10
335,12
336,10
337,11
338,13
339,9
340,10
341,9
342,10
343,6
344,16
345,11
346,9
347,13
348,8
349,10
350,9
351,9
352,6
353,13
354,9
355,6
356,8
357,5
358,10
359,16
360,9
361,5
362,1
363,15
364,2
365,3
366,11
367,6
368,2
369,9
370,13
371,12
372,10
373,7
374,6
375,8
376,12
377,13
378,5
379,7
380,8
381,2
382,2
383,16
384,11
385,0
386,10
387,6
388,8
389,14
390,11
391,16
392,9
393,11
394,8
395,3
396,3
397,2
398,9
399,1
400,16
401,5
402,13
403,8
404,8
405,2
406,15
407,3
408,16
409,5
410,10
411,15
412,3
413,5
414,1
415,14
416,7
417,6
418,11
419,8
420,8
421,13
422,10
423,12
424,7
425,14
426,8
427,17
428,3
429,10
430,16
431,0
432,10
433,9
434,6
435,9
436,16
437,5
438,3
439,8
440,11
441,9
442,11
443,10
444,12
445,17
446,10
447,2
448,10
449,7
450,4
451,5
452,12
453,9
454,12
455,16
456,15
457,13
458,3
459,1
460,6
461,13
462,13
463,7
464,10
465,6
466,7
467,12
468,17
469,12
470,13
471,10
472,6
473,10
474,8
475,18
476,10
477,8
478,17
479,7
480,12
481,6
482,6
483,8
484,16
485,7
486,6
487,9
488,9
489,5
490,9
491,3
492,17
493,5
494,6
495,14
496,8
497,11
498,8
499,11
500,11
501,12
502,10
503,13
504,8
505,12
506,8
507,16
508,9
509,5
510,14
511,8
512,6
513,3
514,9
515,13
516,10
517,12
518,15
519,8
520,10
521,12
522,7
523,1
524,9
525,2
526,3
527,11
528,2
529,2
530,12
531,3
532,5
533,8
534,10
535,16
536,11
537,15
538,12
539,7
540,10
541,10
542,14
543,1
544,11
545,4
546,13
547,4
548,11
549,10
550,3
551,10
552,15
553,8
554,13
555,10
556,10
557,11
558,3
559,10
560,9
561,11
562,9
563,9
564,17
565,8
566,3
567,10
568,8
569,10
570,4
571,13
572,10
573,10
574,9
575,6
576,8
577,14
578,12
579,10
580,16
581,3
582,9
583,6
584,14
585,7
586,7
587,7
588,13
589,13
590,1
591,13
592,10
593,12
594,8
595,8
596,14
597,14
598,14
599,3
600,14
601,13
602,9
603,18
604,6
605,9
606,2
607,16
608,1
609,16
610,9
611,16
612,0
613,9
614,5
615,3
616,9
617,6
618,8
619,18
620,7
621,7
622,12
623,16
624,13
625,7
626,8
627,7
628,9
629,7
630,3
631,12
632,16
633,10
634,5
635,7
636,6
637,7
638,10
639,8
640,12
641,2
642,8
643,5
644,4
645,8
646,11
647,14
648,9
649,5
650,12
651,10
652,2
653,7
654,8
655,12
656,5
657,14
658,0
659,12
660,7
661,9
662,14
663,10
664,10
665,10
666,12
667,8
668,12
669,5
670,7
671,9
672,4
673,12
674,7
675,9
676,2
677,5
678,8
679,13
680,2
681,11
682,3
683,8
684,8
685,16
686,12
687,8
688,13
689,1
690,10
691,9
692,12
693,13
694,4
695,0
696,6
697,14
698,12
699,16
700,12
701,9
702,13
703,6
704,10
705,10
706,1
707,2
708,8
709,6
710,1
711,10
712,13
713,10
714,9
715,10
716,11
717,13
718,7
719,3
720,12
721,3
722,16
723,2
724,16
725,12
726,14
727,3
728,8
729,12
730,3
731,10
732,8
733,8
734,12
735,10
736,9
737,12
738,11
739,8
740,2
741,15
742,6
743,3
744,10
745,9
746,12
747,13
748,1
749,15
750,11
751,8
752,13
753,16
754,16
755,8
756,12
757,7
758,5
759,7
760,8
761,10
762,9
763,9
764,9
765,8
766,12
767,13
768,2
769,10
770,9
771,7
772,2
773,12
774,15
775,8
776,12
777,13
778,16
779,5
780,13
781,6
782,10
783,5
784,3
785,6
786,10
787,7
788,4
789,13
790,16
791,6
792,10
793,7
794,9
795,9
796,4
797,16
798,6
799,14
800,8
801,2
802,17
803,8
804,14
805,13
806,10
807,13
808,9
809,9
810,6
811,12
812,3
813,8
814,14
815,7
816,10
817,3
818,10
819,11
820,11
821,8
822,18
823,14
824,9
825,7
826,10
827,11
828,5
829,10
830,12
831,11
832,10
833,16
834,8
835,8
836,10
837,2
838,4
839,9
840,12
841,13
842,7
843,2
844,5
845,8
846,12
847,17
848,1
849,9
850,12
851,14
852,9
853,9
854,5
855,13
856,3
857,2
858,7
859,10
860,9
861,9
862,13
863,10
864,10
865,9
866,9
867,17
868,6
869,10
870,5
871,10
872,14
873,10
874,18
875,8
876,10
877,4
878,11
879,8
880,3
881,8
882,2
883,8
884,5
885,1
886,2
887,9
888,13
889,2
890,13
891,7
892,6
893,8
894,11
895,15
896,16
897,13
898,16
899,3
900,12
901,12
902,8
903,5
904,8
905,5
906,13
907,7
908,13
909,1
910,11
911,8
912,8
913,3
914,8
915,10
916,13
917,17
918,4
919,12
920,9
921,9
922,7
923,10
924,6
925,10
926,12
927,11
928,8
929,10
930,2
931,10
932,9
933,3
934,4
935,10
936,3
937,11
938,10
939,3
940,3
941,10
942,8
943,11
944,3
945,9
946,9
947,10
948,10
949,6
950,4
951,10
952,16
953,8
954,15
955,10
956,6
957,12
958,14
959,6
960,9
961,11
962,15
963,13
964,10
965,16
966,9
967,10
968,10
969,15
970,4
971,5
972,9
973,12
974,7
975,7
976,9
977,13
978,8
979,12
980,12
981,17
982,10
983,0
984,3
985,10
986,8
987,9
988,8
989,10
990,15
991,11
992,3
993,11
994,9
995,8
996,18
997,6
998,10
999,8
1000,8
1001,6
1002,7
1003,11
1004,9
1005,7
1006,8
1007,4
1008,6
1009,9
1010,9
1011,10
1012,12
1013,10
1014,16
1015,10
1016,13
1017,12
1018,13
1019,6
1020,8
1021,5
1022,8
1023,12
1024,11
1025,10
1026,8
1027,13
1028,8
1029,3
1030,2
1031,3
1032,10
1033,8
1034,15
1035,9
1036,6
1037,2
1038,8
1039,3
1040,9
1041,14
1042,14
1043,5
1044,8
1045,10
1046,5
1047,13
1048,17
1049,1
1050,12
1051,8
1052,8
1053,1
1054,10
1055,9
1056,6
1057,10
1058,11
1059,16
1060,8
1061,3
1062,6
1063,12
1064,10
1065,3
1066,18
1067,1
1068,10
1069,13
1070,2
1071,6
1072,18
1073,3
1074,9
1075,11
1076,4
1077,8
1078,12
1079,11
1080,14
1081,17
1082,8
1083,13
1084,6
1085,8
1086,6
1087,1
1088,10
1089,10
1090,3
1091,17
1092,8
1093,18
1094,16
1095,12
1096,11
1097,2
1098,15
1099,10
1100,6
1101,12
1102,5
1103,12
1104,14
1105,17
1106,8
1107,13
1108,12
1109,9
1110,10
1111,5
1112,6
1113,16
1114,4
1115,3
1116,8
1117,7
1118,11
1119,10
1120,3
1121,2
1122,10
1123,6
1124,12
1125,6
1126,8
1127,3
1128,9
1129,7
1130,2
1131,15
1132,3
1133,8
1134,2
1135,2
1136,2
1137,16
1138,3
1139,13
1140,3
1141,2
1142,9
1143,3
1144,11
1145,9
1146,7
1147,4
1148,5
1149,13
1150,6
1151,9
1152,6
1153,16
1154,13
1155,14
1156,12
1157,7
1158,2
1159,1
1160,4
1161,9
1162,12
1163,12
1164,13
1165,16
1166,8
1167,3
1168,9
1169,12
1170,5
1171,13
1172,11
1173,12
1174,8
1175,16
1176,9
1177,10
1178,8
1179,4
1180,3
1181,8
1182,10
1183,9
1184,12
1185,7
1186,12
1187,13
1188,11
1189,13
1190,10
1191,10
1192,10
1193,5
1194,15
1195,3
1196,2
1197,13
1198,12
1199,11
1200,2
1201,12
1202,17
1203,5
1204,5
1205,10
1206,18
1207,16
1208,8
1209,12
1210,7
1211,9
1212,3
1213,13
1214,8
1215,8
1216,9
1217,2
1218,7
1219,12
1220,10
1221,14
1222,6
1223,15
1224,5
1225,4
1226,4
1227,5
1228,10
1229,3
1230,8
1231,10
1232,4
1233,6
1234,13
1235,6
1236,9
1237,10
1238,7
1239,5
1240,0
1241,10
1242,4
1243,7
1244,12
1245,1
1246,13
1247,5
1248,3
1249,2
1250,9
1251,10
1252,10
1253,9
1254,12
1255,11
1256,13
1257,11
1258,7
1259,2
1260,12
1261,0
1262,18
1263,7
1264,8
1265,9
1266,10
1267,11
1268,10
1269,13
1270,16
1271,10
1272,9
1273,10
1274,11
1275,6
1276,12
1277,11
1278,12
1279,0
1280,14
1281,14
1282,2
1283,0
1284,16
1285,0
1286,10
1287,12
1288,6
1289,5
1290,11
1291,16
1292,11
1293,15
1294,5
1295,3
1296,13
1297,4
1298,16
1299,16
1300,12
1301,11
1302,12
1303,6
1304,9
1305,1
1306,13
1307,2
1308,8
1309,13
1310,9
1311,9
1312,1
1313,9
1314,7
1315,1
1316,0
1317,10
1318,10
1319,15
1320,3
1321,6
1322,10
1323,9
1324,9
1325,16
1326,12
1327,15
1328,0
1329,2
1330,12
1331,16
1332,12
1333,6
1334,8
1335,4
1336,10
1337,4
1338,12
1339,11
1340,9
1341,6
1342,3
1343,10
1344,13
1345,9
1346,3
1347,4
1348,10
1349,2
1350,16
1351,17
1352,8
1353,8
1354,15
1355,1
1356,7
1357,16
1358,10
1359,13
1360,14
1361,16
1362,12
1363,2
1364,6
1365,5
1366,3
1367,7
1368,1
1369,7
1370,10
1371,10
1372,10
1373,2
1374,9
1375,14
1376,9
1377,3
1378,14
1379,11
1380,12
1381,10
1382,6
1383,13
1384,9
1385,3
1386,0
1387,3
1388,10
1389,5
1390,2
1391,9
1392,16
1393,16
1394,10
1395,15
1396,5
1397,16
1398,2
1399,9
1400,8
1401,8
1402,15
1403,17
1404,9
1405,6
1406,12
1407,10
1408,8
1409,6
1410,6
1411,2
1412,1
1413,12
1414,13
1415,0
1416,10
1417,15
1418,6
1419,4
1420,3
1421,3
1422,8
1423,10
1424,16
1425,11
1426,9
1427,13
1428,15
1429,8
1430,12
1431,1
1432,9
1433,12
1434,9
1435,12
1436,2
1437,8
1438,7
1439,2
1440,17
1441,9
1442,10
1443,11
1444,9
1445,7
1446,12
1447,9
1448,4
1449,10
1450,3
1451,5
1452,7
1453,10
1454,11
1455,2
1456,8
1457,7
1458,3
1459,10
1460,3
1461,7
1462,6
1463,10
1464,7
1465,11
1466,6
1467,11
1468,12
1469,16
1470,15
1471,11
1472,13
1473,13
1474,3
1475,7
1476,7
1477,10
1478,6
1479,12
1480,13
1481,7
1482,8
1483,8
1484,3
1485,7
1486,13
1487,9
1488,8
1489,12
1490,2
1491,10
1492,17
1493,12
1494,13
1495,6
1496,17
1497,3
1498,10
1499,8
1500,6
1501,14
1502,9
1503,9
1504,11
1505,10
1506,10
1507,7
1508,7
1509,0
1510,12
1511,3
1512,7
1513,10
1514,13
1515,14
1516,10
1517,3
1518,4
1519,14
1520,3
1521,10
1522,3
1523,8
1524,2
1525,3
1526,9
1527,6
1528,12
1529,13
1530,9
1531,12
1532,8
1533,6
1534,3
1535,4
1536,17
1537,0
1538,12
1539,9
1540,3
1541,11
1542,5
1543,12
1544,6
1545,16
1546,9
1547,8
1548,6
1549,10
1550,10
1551,1
1552,2
1553,12
1554,3
1555,15
1556,5
1557,4
1558,8
1559,8
1560,12
1561,16
1562,7
1563,4
1564,3
1565,8
1566,9
1567,7
1568,8
1569,2
1570,11
1571,15
1572,10
1573,15
1574,7
1575,9
1576,2
1577,1
1578,3
1579,10
1580,8
1581,10
1582,16
1583,13
1584,12
1585,16
1586,2
1587,7
1588,12
1589,9
1590,11
1591,10
1592,6
1593,16
1594,16
1595,8
1596,7
1597,1
1598,14
1599,4
1600,11
1601,7
1602,9
1603,0
1604,13
1605,3
1606,11
1607,3
1608,6
1609,8
1610,2
1611,2
1612,9
1613,15
1614,9
1615,9
1616,9
1617,7
1618,2
1619,12
1620,8
1621,8
1622,11
1623,9
1624,12
1625,7
1626,10
1627,6
1628,15
1629,9
1630,15
1631,2
1632,9
1633,6
1634,18
1635,7
1636,10
1637,16
1638,10
1639,9
1640,17
1641,13
1642,14
1643,9
1644,9
1645,11
1646,11
1647,8
1648,1
1649,5
1650,9
1651,8
1652,9
1653,13
1654,8
1655,11
1656,5
1657,16
1658,5
1659,10
1660,10
1661,7
1662,6
1663,12
1664,4
1665,6
1666,16
1667,9
1668,11
1669,14
1670,8
1671,10
1672,7
1673,10
1674,11
1675,10
1676,5
1677,18
1678,17
1679,3
1680,10
1681,8
1682,10
1683,9
1684,11
1685,7
1686,8
1687,14
1688,6
1689,9
1690,12
1691,10
1692,9
1693,9
1694,5
1695,1
1696,12
1697,10
1698,8
1699,13
1700,3
1701,7
1702,8
1703,9
1704,8
1705,11
1706,6
1707,10
1708,13
1709,9
1710,12
1711,13
1712,10
1713,8
1714,7
1715,3
1716,10
1717,15
1718,9
1719,13
1720,10
1721,9
1722,0
1723,14
1724,9
1725,4
1726,6
1727,6
1728,12
1729,15
1730,9
1731,11
1732,6
1733,4
1734,11
1735,10
1736,10
1737,11
1738,16
1739,2
1740,14
1741,3
1742,11
1743,15
1744,7
1745,13
1746,16
1747,6
1748,6
1749,7
1750,7
1751,0
1752,1
1753,15
1754,3
1755,13
1756,13
1757,10
1758,11
1759,9
1760,2
1761,14
1762,2
1763,5
1764,2
1765,15
1766,5
1767,10
1768,9
1769,17
1770,4
1771,6
1772,13
1773,7
1774,9
1775,7
1776,12
1777,3
1778,5
1779,1
1780,12
1781,10
1782,11
1783,7
1784,13
1785,3
1786,7
1787,16
1788,9
1789,16
1790,10
1791,0
1792,13
1793,8
1794,15
1795,13
1796,15
1797,10
1798,3
1799,8
1800,12
1801,8
1802,2
1803,16
1804,8
1805,16
1806,13
1807,3
1808,6
1809,7
1810,3
1811,6
1812,11
1813,11
1814,12
1815,5
1816,14
1817,6
1818,5
1819,10
1820,8
1821,14
1822,12
1823,4
1824,12
1825,14
1826,6
1827,15
1828,7
1829,10
1830,7
1831,7
1832,15
1833,4
1834,7
1835,2
1836,13
1837,14
1838,17
1839,10
1840,5
1841,4
1842,10
1843,8
1844,9
1845,3
1846,12
1847,12
1848,11
1849,8
1850,11
1851,11
1852,10
1853,8
1854,14
1855,12
1856,8
1857,2
1858,6
1859,11
1860,3
1861,13
1862,10
1863,4
1864,17
1865,14
1866,6
1867,10
1868,8
1869,4
1870,11
1871,13
1872,9
1873,9
1874,11
1875,11
1876,8
1877,5
1878,3
1879,5
1880,0
1881,13
1882,13
1883,10
1884,4
1885,8
1886,10
1887,3
1888,10
1889,3
1890,8
1891,13
1892,2
1893,11
1894,18
1895,10
1896,6
1897,10
1898,8
1899,5
1900,15
1901,7
1902,3
1903,9
1904,11
1905,7
1906,12
1907,14
1908,16
1909,8
1910,5
1911,5
1912,9
1913,16
1914,10
1915,16
1916,5
1917,10
1918,9
1919,7
1920,10
1921,8
1922,14
1923,1
1924,10
1925,6
1926,8
1927,16
1928,9
1929,10
1930,6
1931,5
1932,11
1933,16
1934,1
1935,9
1936,11
1937,0
1938,5
1939,11
1940,11
1941,12
1942,9
1943,10
1944,9
1945,12
1946,4
1947,15
1948,10
1949,6
1950,9
1951,18
1952,6
1953,3
1954,10
1955,8
1956,11
1957,8
1958,7
1959,13
1960,5
1961,10
1962,9
1963,11
1964,16
1965,8
1966,12
1967,10
1968,14
1969,11
1970,6
1971,10
1972,8
1973,10
1974,6
1975,7
1976,7
1977,7
1978,7
1979,15
1980,10
1981,15
1982,7
1983,10
1984,11
1985,16
1986,11
1987,10
1988,11
1989,15
1990,9
1991,18
1992,2
1993,12
1994,8
1995,8
1996,2
1997,1
1998,4
1999,13
2000,15
2001,3
2002,10
2003,9
2004,9
2005,10
2006,7
2007,10
2008,16
2009,8
2010,12
2011,10
2012,9
2013,4
2014,9
2015,15
2016,1
2017,12
2018,16
2019,9
2020,3
2021,13
2022,3
2023,10
2024,1
2025,7
2026,8
2027,12
2028,6
2029,10
2030,8
2031,12
2032,11
2033,7
2034,10
2035,11
2036,12
2037,13
2038,3
2039,6
2040,16
2041,9
2042,10
2043,2
2044,10
2045,7
2046,10
2047,4
2048,9
2049,11
2050,12
2051,11
2052,17
2053,13
2054,14
2055,14
2056,10
2057,6
2058,6
2059,10
2060,2
2061,9
2062,3
2063,3
2064,10
2065,4
2066,13
2067,5
2068,11
2069,9
2070,8
2071,11
2072,4
2073,13
2074,10
2075,10
2076,13
2077,10
2078,4
2079,8
2080,9
2081,10
2082,11
2083,2
2084,6
2085,13
2086,10
2087,1
2088,11
2089,13
2090,11
2091,4
2092,11
2093,10
2094,9
2095,13
2096,4
2097,17
2098,6
2099,7
2100,13
2101,6
2102,1
2103,10
2104,12
2105,11
2106,0
2107,10
2108,1
2109,10
2110,7
2111,9
2112,9
2113,13
2114,2
2115,9
2116,12
2117,3
2118,1
2119,2
2120,5
2121,16
2122,7
2123,4
2124,17
2125,8
2126,2
2127,2
2128,9
2129,8
2130,4
2131,9
2132,6
2133,8
2134,13
2135,11
2136,3
2137,14
2138,9
2139,3
2140,15
2141,11
2142,11
2143,5
2144,1
2145,11
2146,16
2147,10
2148,15
2149,0
2150,9
2151,6
2152,7
2153,13
2154,11
2155,9
2156,5
2157,10
2158,5
2159,8
2160,15
2161,0
2162,6
2163,4
2164,9
2165,6
2166,11
2167,16
2168,0
2169,2
2170,13
2171,14
2172,6
2173,8
2174,17
2175,9
2176,9
2177,9
2178,8
2179,12
2180,18
2181,14
2182,9
2183,9
2184,6
2185,8
2186,10
2187,9
2188,10
2189,1
2190,7
2191,11
2192,12
2193,7
2194,15
2195,12
2196,12
2197,3
2198,8
2199,10
2200,12
2201,9
2202,10
2203,2
2204,10
2205,10
2206,8
2207,3
2208,7
2209,10
2210,1
2211,13
2212,7
2213,18
2214,4
2215,10
2216,11
2217,12
2218,5
2219,12
2220,13
2221,2
2222,10
2223,5
2224,13
2225,12
2226,2
2227,4
2228,13
2229,10
2230,9
2231,10
2232,12
2233,5
2234,8
2235,10
2236,14
2237,5
2238,6
2239,8
2240,1
2241,9
2242,7
2243,7
2244,11
2245,7
2246,7
2247,8
2248,9
2249,8
2250,9
2251,8
2252,9
2253,10
2254,10
2255,13
2256,10
2257,10
2258,10
2259,9
2260,10
2261,10
2262,7
2263,13
2264,6
2265,11
2266,9
2267,9
2268,4
2269,1
2270,16
2271,9
2272,8
2273,4
2274,13
2275,8
2276,12
2277,11
2278,11
2279,0
2280,10
2281,12
2282,8
2283,12
2284,9
2285,7
2286,10
2287,1
2288,18
2289,13
2290,1
2291,0
2292,2
2293,8
2294,5
2295,11
2296,7
2297,3
2298,6
2299,8
2300,10
2301,1
2302,10
2303,5
2304,10
2305,12
2306,16
2307,5
2308,16
2309,9
2310,17
2311,8
2312,8
2313,9
2314,15
2315,5
2316,7
2317,7
2318,13
2319,9
2320,10
2321,12
2322,11
2323,16
2324,13
2325,8
2326,16
2327,13
2328,14
2329,6
2330,1
2331,9
2332,9
2333,11
2334,10
2335,15
2336,11
2337,10
2338,8
2339,9
2340,6
2341,6
2342,5
2343,7
2344,12
2345,13
2346,10
2347,5
2348,3
2349,8
2350,12
2351,16
2352,4
2353,16
2354,3
2355,17
2356,7
2357,11
2358,12
2359,12
2360,10
2361,14
2362,12
2363,9
2364,4
2365,7
2366,13
2367,11
2368,6
2369,9
2370,13
2371,15
2372,12
2373,7
2374,10
2375,6
2376,13
2377,13
2378,16
2379,9
2380,11
2381,7
2382,9
2383,9
2384,7
2385,16
2386,11
2387,4
2388,4
2389,3
2390,14
2391,16
2392,10
2393,8
2394,13
2395,10
2396,10
2397,0
2398,13
2399,13
2400,9
2401,13
2402,9
2403,3
2404,9
2405,13
2406,12
2407,9
2408,13
2409,5
2410,16
2411,10
2412,18
2413,10
2414,9
2415,2
2416,13
2417,7
2418,17
2419,7
2420,5
2421,13
2422,1
2423,16
2424,6
2425,10
2426,15
2427,2
2428,12
2429,16
2430,11
2431,6
2432,3
2433,13
2434,13
2435,10
2436,9
2437,3
2438,3
2439,9
2440,2
2441,10
2442,10
2443,4
2444,6
2445,11
2446,8
2447,6
2448,13
2449,11
2450,8
2451,6
2452,5
2453,16
2454,11
2455,12
2456,1
2457,10
2458,10
2459,15
2460,1
2461,11
2462,10
2463,12
2464,17
2465,11
2466,17
2467,13
2468,10
2469,13
2470,9
2471,10
2472,0
2473,2
2474,12
2475,15
2476,11
2477,12
2478,2
2479,9
2480,5
2481,2
2482,4
2483,12
2484,12
2485,3
2486,9
2487,3
2488,1
2489,17
2490,8
2491,18
2492,8
2493,10
2494,9
2495,9
2496,1
2497,3
2498,10
2499,6
2500,1
2501,15
2502,7
2503,11
2504,8
2505,9
2506,8
2507,11
2508,9
2509,16
2510,4
2511,8
2512,7
2513,2
2514,2
2515,8
2516,2
2517,7
2518,16
2519,14
2520,3
2521,3
2522,12
2523,10
2524,4
2525,0
2526,14
2527,1
2528,11
2529,12
2530,1
2531,10
2532,14
2533,15
2534,15
2535,10
2536,13
2537,5
2538,3
2539,13
2540,10
2541,16
2542,17
2543,15
2544,8
2545,10
2546,6
2547,11
2548,2
2549,10
2550,6
2551,9
2552,14
2553,2
2554,11
2555,3
2556,12
2557,8
2558,10
2559,11
2560,13
2561,3
2562,6
2563,15
2564,11
2565,9
2566,1
2567,13
2568,7
2569,2
2570,2
2571,13
2572,2
2573,7
2574,10
2575,0
2576,10
2577,12
2578,1
2579,6
2580,10
2581,6
2582,11
2583,9
2584,8
2585,11
2586,5
2587,10
2588,10
2589,13
2590,9
2591,16
2592,5
2593,11
2594,11
2595,11
2596,7
2597,10
2598,10
2599,6
2600,7
2601,18
2602,4
2603,2
2604,6
2605,18
2606,10
2607,12
2608,10
2609,16
2610,3
2611,9
2612,3
2613,11
2614,11
2615,11
2616,14
2617,8
2618,8
2619,11
2620,5
2621,12
2622,12
2623,14
2624,11
2625,12
2626,15
2627,15
2628,14
2629,16
2630,1
2631,10
2632,7
2633,13
2634,8
2635,15
2636,14
2637,6
2638,17
2639,16
2640,11
2641,9
2642,3
2643,8
2644,12
2645,11
2646,7
2647,3
2648,6
2649,9
2650,8
2651,4
2652,5
2653,11
2654,8
2655,9
2656,16
2657,6
2658,8
2659,5
2660,8
2661,12
2662,10
2663,11
2664,10
2665,3
2666,2
2667,10
2668,17
2669,12
2670,3
2671,3
2672,7
2673,7
2674,6
2675,13
2676,15
2677,11
2678,13
2679,9
2680,13
2681,13
2682,13
2683,10
2684,11
2685,9
2686,9
2687,15
2688,15
2689,8
2690,3
2691,13
2692,10
2693,16
2694,17
2695,16
2696,4
2697,9
2698,9
2699,3
2700,11
2701,14
2702,4
2703,10
2704,3
2705,9
2706,10
2707,16
2708,9
2709,13
2710,4
2711,5
2712,7
2713,9
2714,9
2715,13
2716,8
2717,12
2718,1
2719,2
2720,4
2721,12
2722,15
2723,6
2724,18
2725,9
2726,11
2727,6
2728,9
2729,7
2730,9
2731,4
2732,5
2733,9
2734,8
2735,10
2736,10
2737,6
2738,8
2739,10
2740,8
2741,13
2742,2
2743,13
2744,10
2745,16
2746,15
2747,5
2748,4
2749,16
2750,11
2751,5
2752,10
2753,12
2754,16
2755,13
2756,1
2757,8
2758,2
2759,11
2760,9
2761,10
2762,3
2763,12
2764,0
2765,6
2766,9
2767,2
2768,7
2769,3
2770,12
2771,8
2772,11
2773,13
2774,6
2775,10
2776,14
2777,12
2778,13
2779,10
2780,11
2781,1
2782,7
2783,8
2784,10
2785,9
2786,8
2787,9
2788,13
2789,12
2790,12
2791,16
2792,6
2793,10
2794,15
2795,10
2796,16
2797,6
2798,9
2799,11
2800,15
2801,17
2802,3
2803,7
2804,7
2805,6
2806,12
2807,7
2808,0
2809,8
2810,10
2811,3
2812,10
2813,3
2814,8
2815,4
2816,5
2817,12
2818,18
2819,10
2820,6
2821,13
2822,10
2823,0
2824,8
2825,15
2826,16
2827,7
2828,9
2829,9
2830,11
2831,9
2832,4
2833,15
2834,7
2835,10
2836,5
2837,8
2838,10
2839,17
2840,7
2841,8
2842,9
2843,11
2844,0
2845,8
2846,11
2847,4
2848,9
2849,16
2850,12
2851,14
2852,9
2853,16
2854,9
2855,13
2856,9
2857,1
2858,8
2859,3
2860,2
2861,4
2862,8
2863,7
2864,10
2865,10
2866,14
2867,3
2868,10
2869,10
2870,7
2871,14
2872,6
2873,6
2874,16
2875,10
2876,6
2877,12
2878,7
2879,14
2880,3
2881,11
2882,9
2883,5
2884,4
2885,12
2886,12
2887,5
2888,16
2889,15
2890,9
2891,13
2892,13
2893,6
2894,14
2895,7
2896,16
2897,16
2898,4
2899,3
2900,16
2901,12
2902,12
2903,17
2904,10
2905,14
2906,13
2907,13
2908,10
2909,5
2910,9
2911,15
2912,9
2913,13
2914,3
2915,11
2916,6
2917,8
2918,4
2919,5
2920,11
2921,16
2922,12
2923,13
2924,3
2925,10
2926,13
2927,12
2928,12
2929,11
2930,9
2931,6
2932,9
2933,10
2934,5
2935,11
2936,5
2937,16
2938,9
2939,8
2940,5
2941,16
2942,11
2943,13
2944,9
2945,8
2946,14
2947,12
2948,5
2949,6
2950,11
2951,8
2952,9
2953,11
2954,11
2955,12
2956,16
2957,15
2958,11
2959,3
2960,13
2961,9
2962,11
2963,5
2964,12
2965,3
2966,9
2967,5
2968,11
2969,2
2970,10
2971,15
2972,18
2973,2
2974,13
2975,12
2976,6
2977,15
2978,10
2979,14
2980,9
2981,6
2982,14
2983,9
2984,10
2985,9
2986,2
2987,2
2988,4
2989,15
2990,14
2991,10
2992,3
2993,3
2994,14
2995,11
2996,9
2997,0
2998,15
2999,12
3000,8
3001,10
3002,2
3003,4
3004,6
3005,10
3006,10
3007,9
3008,10
3009,3
3010,7
3011,10
3012,10
3013,18
3014,4
3015,5
3016,6
3017,12
3018,18
3019,8
3020,10
3021,4
3022,8
3023,10
3024,11
3025,5
3026,13
3027,2
3028,14
3029,13
3030,10
3031,9
3032,5
3033,13
3034,7
3035,11
3036,15
3037,16
3038,6
3039,14
3040,10
3041,2
3042,11
3043,10
3044,10
3045,9
3046,10
3047,4
3048,3
3049,8
3050,7
3051,2
3052,17
3053,14
3054,8
3055,5
3056,5
3057,13
3058,6
3059,9
3060,12
3061,15
3062,13
3063,6
3064,15
3065,8
3066,9
3067,6
3068,13
3069,11
3070,6
3071,15
3072,1
3073,17
3074,4
3075,3
3076,6
3077,5
3078,15
3079,2
3080,10
3081,9
3082,3
3083,6
3084,15
3085,10
3086,18
3087,9
3088,9
3089,11
3090,12
3091,2
3092,15
3093,9
3094,14
3095,3
3096,5
3097,3
3098,8
3099,18
3100,1
3101,8
3102,11
3103,8
3104,11
3105,9
3106,16
3107,8
3108,6
3109,8
3110,0
3111,10
3112,16
3113,9
3114,13
3115,9
3116,6
3117,10
3118,14
3119,9
3120,1
3121,8
3122,8
3123,10
3124,6
3125,9
3126,5
3127,8
3128,7
3129,15
3130,10
3131,12
3132,17
3133,10
3134,7
3135,6
3136,7
3137,1
3138,16
3139,4
3140,11
3141,10
3142,9
3143,11
3144,12
3145,10
3146,6
3147,10
3148,10
3149,15
3150,3
3151,3
3152,12
3153,8
3154,9
3155,13
3156,11
3157,16
3158,3
3159,10
3160,9
3161,11
3162,10
3163,10
3164,7
3165,3
3166,11
3167,9
3168,4
3169,13
3170,12
3171,13
3172,10
3173,3
3174,8
3175,3
3176,12
3177,7
3178,8
3179,12
3180,9
3181,12
3182,11
3183,13
3184,10
3185,5
3186,10
3187,8
3188,16
3189,14
3190,14
3191,11
3192,13
3193,10
3194,3
3195,3
3196,4
3197,7
3198,9
3199,1
3200,16
3201,5
3202,11
3203,11
3204,3
3205,1
3206,8
3207,8
3208,11
3209,10
3210,10
3211,12
3212,11
3213,7
3214,12
3215,16
3216,14
3217,7
3218,6
3219,6
3220,10
3221,7
3222,5
3223,8
3224,17
3225,7
3226,0
3227,10
3228,3
3229,10
3230,18
3231,8
3232,3
3233,6
3234,12
3235,6
3236,12
3237,10
3238,11
3239,14
3240,9
3241,13
3242,16
3243,12
3244,10
3245,8
3246,10
3247,12
3248,9
3249,1
3250,8
3251,10
3252,4
3253,11
3254,8
3255,10
3256,5
3257,10
3258,9
3259,13
3260,10
3261,9
3262,6
3263,15
3264,16
3265,7
3266,17
3267,1
3268,4
3269,8
3270,9
3271,12
3272,4
3273,4
3274,3
3275,8
3276,8
3277,8
3278,6
3279,11
3280,14
3281,3
3282,8
3283,5
3284,5
3285,8
3286,2
3287,12
3288,8
3289,5
3290,10
3291,7
3292,16
3293,12
3294,10
3295,15
3296,13
3297,12
3298,14
3299,11
3300,2
3301,2
3302,4
3303,14
3304,8
3305,15
3306,13
3307,9
3308,10
3309,13
3310,15
3311,9
3312,1
3313,2
3314,3
3315,2
3316,2
3317,4
3318,17
3319,10
3320,7
3321,3
3322,13
3323,10
3324,7
3325,2
3326,16
3327,8
3328,9
3329,0
3330,10
3331,9
3332,6
3333,16
3334,15
3335,13
3336,10
3337,10
3338,5
3339,6
3340,6
3341,18
3342,9
3343,5
3344,15
3345,12
3346,16
3347,8
3348,9
3349,13
3350,15
3351,4
3352,8
3353,9
3354,9
3355,0
3356,15
3357,10
3358,11
3359,1
3360,16
3361,7
3362,12
3363,6
3364,10
3365,12
3366,2
3367,8
3368,11
3369,10
3370,9
3371,0
3372,9
3373,10
3374,7
3375,6
3376,7
3377,10
3378,16
3379,3
3380,4
3381,12
3382,9
3383,10
3384,13
3385,16
3386,16
3387,12
3388,5
3389,14
3390,1
3391,7
3392,6
3393,10
3394,15
3395,12
3396,6
3397,13
3398,1
3399,4
3400,2
3401,1
3402,15
3403,11
3404,16
3405,7
3406,8
3407,7
3408,5
3409,10
3410,9
3411,10
3412,3
3413,16
3414,11
3415,6
3416,9
3417,14
3418,15
3419,11
3420,6
3421,10
3422,13
3423,17
3424,13
3425,10
3426,12
3427,5
3428,4
3429,12
3430,11
3431,16
3432,14
3433,9
3434,10
3435,5
3436,5
3437,10
3438,13
3439,8
3440,4
3441,12
3442,16
3443,11
3444,9
3445,6
3446,6
3447,7
3448,13
3449,7
3450,7
3451,8
3452,16
3453,16
3454,13
3455,13
3456,17
3457,13
3458,13
3459,8
3460,3
3461,1
3462,7
3463,10
3464,9
3465,16
3466,10
3467,10
3468,9
3469,14
3470,4
3471,10
3472,1
3473,10
3474,9
3475,12
3476,3
3477,12
3478,12
3479,1
3480,5
3481,1
3482,9
3483,11
3484,9
3485,0
3486,10
3487,10
3488,10
3489,17
3490,16
3491,9
3492,5
3493,12
3494,12
3495,0
3496,10
3497,4
3498,8
3499,17
3500,6
3501,8
3502,10
3503,12
3504,6
3505,3
3506,8
3507,9
3508,9
3509,6
3510,10
3511,12
3512,12
3513,6
3514,12
3515,13
3516,11
3517,16
3518,2
3519,10
3520,11
3521,2
3522,12
3523,11
3524,13
3525,14
3526,2
3527,9
3528,6
3529,12
3530,11
3531,12
3532,11
3533,9
3534,10
3535,5
3536,10
3537,9
3538,10
3539,14
3540,9
3541,10
3542,10
3543,10
3544,16
3545,10
3546,0
3547,6
3548,7
3549,10
3550,8
3551,12
3552,12
3553,10
3554,8
3555,14
3556,14
3557,9
3558,9
3559,6
3560,3
3561,12
3562,2
3563,8
3564,15
3565,11
3566,9
3567,10
3568,13
3569,11
3570,16
3571,10
3572,7
3573,15
3574,7
3575,13
3576,17
3577,4
3578,10
3579,8
3580,15
3581,9
3582,3
3583,14
3584,12
3585,6
3586,3
3587,12
3588,6
3589,13
3590,16
3591,9
3592,9
3593,12
3594,5
3595,10
3596,10
3597,12
3598,6
3599,5
3600,13
3601,2
3602,12
3603,15
3604,16
3605,16
3606,4
3607,7
3608,4
3609,6
3610,12
3611,10
3612,2
3613,7
3614,3
3615,5
3616,6
3617,15
3618,2
3619,12
3620,10
3621,8
3622,11
3623,11
3624,12
3625,13
3626,16
3627,10
3628,12
3629,1
3630,10
3631,13
3632,10
3633,16
3634,7
3635,8
3636,15
3637,10
3638,0
3639,5
3640,10
3641,17
3642,11
3643,10
3644,6
3645,7
3646,9
3647,1
3648,13
3649,16
3650,10
3651,10
3652,8
3653,6
3654,1
3655,6
3656,10
3657,14
3658,3
3659,8
3660,7
3661,13
3662,14
3663,10
3664,9
3665,16
3666,10
3667,10
3668,2
3669,5
3670,3
3671,4
3672,3
3673,10
3674,11
3675,14
3676,2
3677,3
3678,8
3679,13
3680,14
3681,10
3682,4
3683,12
3684,13
3685,8
3686,4
3687,3
3688,12
3689,9
3690,17
3691,10
3692,8
3693,8
3694,11
3695,12
3696,13
3697,16
3698,10
3699,7
3700,9
3701,5
3702,6
3703,9
3704,11
3705,3
3706,9
3707,16
3708,16
3709,9
3710,10
3711,7
3712,13
3713,8
3714,9
3715,7
3716,5
3717,7
3718,3
3719,4
3720,4
3721,3
3722,1
3723,13
3724,13
3725,11
3726,5
3727,8
3728,8
3729,9
3730,11
3731,10
3732,15
3733,11
3734,8
3735,12
3736,11
3737,16
3738,8
3739,12
3740,3
3741,0
3742,5
3743,7
3744,10
3745,10
3746,1
3747,8
3748,7
3749,12
3750,12
3751,7
3752,9
3753,11
3754,8
3755,12
3756,13
3757,13
3758,12
3759,5
3760,5
3761,10
3762,8
3763,10
3764,2
3765,6
3766,16
3767,1
3768,15
3769,3
3770,10
3771,7
3772,12
3773,2
3774,16
3775,1
3776,13
3777,4
3778,12
3779,3
3780,9
3781,10
3782,8
3783,16
3784,16
3785,16
3786,13
3787,12
3788,4
3789,11
3790,17
3791,10
3792,9
3793,12
3794,1
3795,9
3796,10
3797,3
3798,1
3799,14
3800,7
3801,0
3802,13
3803,11
3804,1
3805,1
3806,2
3807,6
3808,1
3809,7
3810,9
3811,14
3812,15
3813,5
3814,15
3815,5
3816,9
3817,12
3818,10
3819,10
3820,1
3821,13
3822,18
3823,13
3824,13
3825,16
3826,5
3827,11
3828,17
3829,10
3830,4
3831,8
3832,3
3833,11
3834,4
3835,9
3836,11
3837,10
3838,7
3839,10
3840,8
3841,3
3842,14
3843,8
3844,15
3845,10
3846,17
3847,8
3848,1
3849,9
3850,3
3851,13
3852,13
3853,8
3854,7
3855,1
3856,13
3857,14
3858,14
3859,11
3860,13
3861,6
3862,7
3863,14
3864,2
3865,10
3866,4
3867,6
3868,13
3869,12
3870,13
3871,13
3872,10
3873,2
3874,3
3875,9
3876,18
3877,15
3878,3
3879,5
3880,13
3881,7
3882,16
3883,12
3884,5
3885,8
3886,11
3887,11
3888,16
3889,14
3890,9
3891,4
3892,14
3893,10
3894,6
3895,13
3896,2
3897,9
3898,11
3899,10
3900,13
3901,10
3902,12
3903,12
3904,9
3905,11
3906,12
3907,9
3908,10
3909,6
3910,17
3911,11
3912,11
3913,1
3914,16
3915,18
3916,17
3917,2
3918,17
3919,11
3920,8
3921,12
3922,5
3923,12
3924,5
3925,6
3926,8
3927,14
3928,11
3929,13
3930,11
3931,12
3932,16
3933,5
3934,1
3935,14
3936,11
3937,11
3938,9
3939,10
3940,11
3941,11
3942,13
3943,10
3944,3
3945,5
3946,13
3947,16
3948,12
3949,5
3950,17
3951,9
3952,12
3953,9
3954,10
3955,13
3956,5
3957,10
3958,13
3959,5
3960,4
3961,12
3962,2
3963,11
3964,12
3965,10
3966,5
3967,16
3968,8
3969,0
3970,7
3971,12
3972,4
3973,9
3974,13
3975,10
3976,15
3977,12
3978,1
3979,3
3980,10
3981,2
3982,9
3983,16
3984,10
3985,8
3986,0
3987,15
3988,16
3989,3
3990,12
3991,11
3992,9
3993,6
3994,9
3995,8
3996,8
3997,16
3998,18
3999,10
4000,8
4001,10
4002,2
4003,1
4004,3
4005,5
4006,3
4007,6
4008,8
4009,4
4010,12
4011,5
4012,10
4013,9
4014,10
4015,12
4016,11
4017,13
4018,15
4019,4
4020,9
4021,10
4022,11
4023,7
4024,15
4025,9
4026,4
4027,9
4028,13
4029,6
4030,4
4031,16
4032,4
4033,8
4034,13
4035,15
4036,2
4037,9
4038,12
4039,9
4040,10
4041,9
4042,10
4043,11
4044,4
4045,10
4046,13
4047,9
4048,13
4049,10
4050,11
4051,13
4052,11
4053,11
4054,7
4055,7
4056,13
4057,9
4058,9
4059,8
4060,2
4061,9
4062,12
4063,4
4064,15
4065,15
4066,13
4067,16
4068,9
4069,8
4070,6
4071,6
4072,6
4073,12
4074,11
4075,15
4076,10
4077,10
4078,6
4079,6
4080,8
4081,12
4082,13
4083,13
4084,5
4085,6
4086,8
4087,9
4088,16
4089,5
4090,16
4091,7
4092,13
4093,3
4094,12
4095,17
4096,4
4097,10
4098,13
4099,3
4100,15
4101,16
4102,2
4103,8
4104,18
4105,8
4106,5
4107,12
4108,2
4109,9
4110,4
4111,11
4112,3
4113,6
4114,8
4115,3
4116,5
4117,10
4118,4
4119,7
4120,9
4121,9
4122,5
4123,10
4124,10
4125,6
4126,6
4127,9
4128,10
4129,14
4130,4
4131,3
4132,10
4133,8
4134,2
4135,16
4136,12
4137,3
4138,14
4139,16
4140,12
4141,0
4142,9
4143,12
4144,14
4145,9
4146,4
4147,13
4148,7
4149,5
4150,12
4151,7
4152,10
4153,9
4154,7
4155,2
4156,4
4157,12
4158,1
4159,9
4160,2
4161,6
4162,10
4163,13
4164,16
4165,3
4166,15
4167,12
4168,10
4169,7
4170,10
4171,9
4172,2
4173,7
4174,9
4175,8
4176,17
4177,1
4178,8
4179,18
4180,13
4181,5
4182,11
4183,7
4184,8
4185,11
4186,10
4187,10
4188,16
4189,1
4190,3
4191,10
4192,12
4193,2
4194,6
4195,6
4196,8
4197,0
4198,16
4199,12
4200,3
4201,3
4202,9
4203,8
4204,12
4205,11
4206,2
4207,10
4208,8
4209,4
4210,12
4211,11
4212,9
4213,9
4214,5
4215,10
4216,13
4217,17
4218,8
4219,10
4220,3
4221,12
4222,11
4223,13
4224,3
4225,10
4226,5
4227,9
4228,13
4229,6
4230,3
4231,12
4232,3
4233,9
4234,9
4235,16
4236,13
4237,11
4238,6
4239,6
4240,8
4241,8
4242,13
4243,7
4244,9
4245,9
4246,13
4247,4
4248,10
4249,8
4250,15
4251,0
4252,8
4253,10
4254,14
4255,13
4256,9
4257,10
4258,12
4259,9
4260,5
4261,9
4262,13
4263,7
4264,12
4265,11
4266,9
4267,8
4268,3
4269,7
4270,9
4271,7
4272,5
4273,0
4274,13
4275,9
4276,9
4277,5
4278,14
4279,2
4280,8
4281,9
4282,15
4283,13
4284,16
4285,7
4286,16
4287,5
4288,3
4289,9
4290,10
4291,11
4292,17
4293,15
4294,11
4295,9
4296,8
4297,7
4298,13
4299,13
4300,3
4301,12
4302,13
4303,18
4304,7
4305,9
4306,6
4307,10
4308,11
4309,8
4310,10
4311,12
4312,8
4313,8
4314,13
4315,7
4316,1
4317,13
4318,3
4319,8
4320,6
4321,9
4322,12
4323,6
4324,10
4325,8
4326,14
4327,18
4328,9
4329,13
4330,10
4331,14
4332,7
4333,16
4334,4
4335,2
4336,16
4337,4
4338,7
4339,10
4340,16
4341,6
4342,10
4343,16
4344,5
4345,10
4346,9
4347,12
4348,0
4349,5
4350,15
4351,13
4352,3
4353,11
4354,9
4355,10
4356,6
4357,9
4358,8
4359,13
4360,7
4361,15
4362,9
4363,11
4364,10
4365,7
4366,3
4367,13
4368,10
4369,8
4370,6
4371,14
4372,9
4373,0
4374,7
4375,8
4376,7
4377,8
4378,7
4379,15
4380,10
4381,2
4382,13
4383,11
4384,11
4385,0
4386,16
4387,6
4388,9
4389,9
4390,7
4391,4
4392,3
4393,3
4394,2
4395,9
4396,4
4397,3
4398,8
4399,6
4400,5
4401,11
4402,3
4403,2
4404,11
4405,13
4406,13
4407,14
4408,9
4409,9
4410,6
4411,8
4412,3
4413,2
4414,5
4415,8
4416,13
4417,3
4418,11
4419,8
4420,10
4421,10
4422,15
4423,3
4424,7
4425,7
4426,12
4427,9
4428,6
4429,7
4430,13
4431,9
4432,10
4433,13
4434,11
4435,1
4436,10
4437,0
4438,12
4439,7
4440,4
4441,1
4442,10
4443,8
4444,13
4445,13
4446,8
4447,12
4448,9
4449,9
4450,15
4451,7
4452,16
4453,14
4454,10
4455,3
4456,7
4457,14
4458,16
4459,15
4460,5
4461,3
4462,10
4463,13
4464,14
4465,4
4466,9
4467,2
4468,5
4469,10
4470,8
4471,11
4472,3
4473,9
4474,7
4475,3
4476,16
4477,14
4478,9
4479,6
4480,10
4481,2
4482,3
4483,5
4484,10
4485,3
4486,8
4487,12
4488,1
4489,6
4490,11
4491,13
4492,9
4493,9
4494,15
4495,13
4496,5
4497,4
4498,8
4499,8
4500,10
4501,2
4502,13
4503,9
4504,4
4505,11
4506,8
4507,10
4508,10
4509,0
4510,10
4511,4
4512,14
4513,13
4514,6
4515,10
4516,6
4517,11
4518,4
4519,9
4520,7
4521,8
4522,5
4523,9
4524,15
4525,10
4526,13
4527,15
4528,6
4529,9
4530,10
4531,14
4532,12
4533,6
4534,11
4535,6
4536,8
4537,9
4538,6
4539,8
4540,3
4541,17
4542,3
4543,15
4544,13
4545,12
4546,9
4547,12
4548,9
4549,3
4550,15
4551,3
4552,0
4553,2
4554,5
4555,18
4556,8
4557,8
4558,9
4559,3
4560,15
4561,9
4562,8
4563,14
4564,1
4565,12
4566,6
4567,9
4568,4
4569,2
4570,12
4571,6
4572,9
4573,5
4574,12
4575,10
4576,7
4577,9
4578,10
4579,16
4580,15
4581,6
4582,16
4583,8
4584,5
4585,13
4586,2
4587,8
4588,7
4589,15
4590,14
4591,10
4592,11
4593,7
4594,13
4595,3
4596,0
4597,16
4598,17
4599,7
4600,10
4601,7
4602,6
4603,12
4604,7
4605,17
4606,10
4607,8
4608,12
4609,12
4610,9
4611,11
4612,10
4613,3
4614,7
4615,8
4616,6
4617,10
4618,14
4619,4
4620,11
4621,6
4622,13
4623,13
4624,13
4625,8
4626,9
4627,5
4628,5
4629,11
4630,11
4631,10
4632,15
4633,11
4634,8
4635,2
4636,6
4637,8
4638,10
4639,8
4640,7
4641,9
4642,3
4643,10
4644,5
4645,5
4646,10
4647,10
4648,12
4649,11
4650,2
4651,14
4652,13
4653,16
4654,1
4655,2
4656,13
4657,13
4658,8
4659,5
4660,14
4661,12
4662,15
4663,11
4664,2
4665,2
4666,14
4667,11
4668,4
4669,11
4670,6
4671,13
4672,4
4673,10
4674,9
4675,12
4676,12
4677,5
4678,11
4679,3
4680,7
4681,6
4682,9
4683,12
4684,13
4685,13
4686,2
4687,4
4688,4
4689,8
4690,6
4691,13
4692,8
4693,9
4694,3
4695,4
4696,5
4697,6
4698,7
4699,13
4700,10
4701,16
4702,3
4703,12
4704,13
4705,3
4706,9
4707,14
4708,9
4709,12
4710,12
4711,16
4712,2
4713,10
4714,5
4715,10
4716,8
4717,8
4718,5
4719,11
4720,12
4721,13
4722,16
4723,9
4724,14
4725,10
4726,9
4727,12
4728,10
4729,3
4730,5
4731,17
4732,10
4733,5
4734,12
4735,6
4736,4
4737,5
4738,2
4739,8
4740,10
4741,4
4742,9
4743,2
4744,10
4745,5
4746,16
4747,10
4748,10
4749,7
4750,7
4751,10
4752,0
4753,8
4754,2
4755,3
4756,0
4757,9
4758,8
4759,16
4760,6
4761,1
4762,13
4763,4
4764,10
4765,15
4766,14
4767,13
4768,8
4769,8
4770,10
4771,10
4772,1
4773,10
4774,3
4775,14
4776,8
4777,14
4778,10
4779,13
4780,3
4781,2
4782,12
4783,3
4784,7
4785,10
4786,15
4787,7
4788,10
4789,10
4790,13
4791,10
4792,13
4793,10
4794,11
4795,15
4796,9
4797,9
4798,11
4799,6
4800,11
4801,6
4802,17
4803,8
4804,17
4805,14
4806,11
4807,6
4808,10
4809,10
4810,16
4811,3
4812,9
4813,4
4814,12
4815,9
4816,1
4817,13
4818,12
4819,12
4820,14
4821,14
4822,18
4823,4
4824,11
4825,9
4826,16
4827,16
4828,7
4829,12
4830,13
4831,12
4832,14
4833,12
4834,6
4835,12
4836,13
4837,7
4838,6
4839,7
4840,11
4841,13
4842,10
4843,7
4844,16
4845,7
4846,10
4847,2
4848,11
4849,9
4850,6
4851,10
4852,6
4853,11
4854,13
4855,17
4856,9
4857,3
4858,2
4859,10
4860,3
4861,15
4862,6
4863,10
4864,15
4865,10
4866,3
4867,1
4868,11
4869,10
4870,7
4871,7
4872,10
4873,6
4874,10
4875,7
4876,9
4877,1
4878,13
4879,13
4880,1
4881,1
4882,13
4883,8
4884,3
4885,16
4886,16
4887,4
4888,9
4889,9
4890,6
4891,1
4892,7
4893,13
4894,10
4895,13
4896,5
4897,9
4898,15
4899,7
4900,9
4901,13
4902,5
4903,6
4904,16
4905,15
4906,9
4907,10
4908,9
4909,12
4910,10
4911,1
4912,14
4913,13
4914,9
4915,0
4916,14
4917,9
4918,5
4919,12
4920,10
4921,6
4922,4
4923,1
4924,8
4925,2
4926,3
4927,10
4928,10
4929,16
4930,9
4931,8
4932,8
4933,7
4934,4
4935,10
4936,0
4937,8
4938,10
4939,9
4940,10
4941,10
4942,9
4943,16
4944,10
4945,9
4946,8
4947,2
4948,6
4949,10
4950,6
4951,13
4952,10
4953,10
4954,17
4955,7
4956,14
4957,13
4958,2
4959,13
4960,15
4961,9
4962,5
4963,6
4964,12
4965,5
4966,16
4967,6
4968,11
4969,7
4970,7
4971,6
4972,10
4973,6
4974,11
4975,9
4976,9
4977,10
4978,13
4979,10
4980,14
4981,10
4982,12
4983,4
4984,6
4985,10
4986,10
4987,8
4988,16
4989,14
4990,18
4991,15
4992,10
4993,7
4994,10
4995,2
4996,0
4997,16
4998,1
4999,9
5000,10
5001,11
5002,9
5003,4
5004,7
5005,15
5006,14
5007,12
5008,16
5009,9
5010,5
5011,14
5012,7
5013,11
5014,5
5015,8
5016,12
5017,1
5018,9
5019,5
5020,0
5021,7
5022,3
5023,15
5024,5
5025,16
5026,18
5027,1
5028,8
5029,6
5030,14
5031,16
5032,10
5033,6
5034,7
5035,2
5036,13
5037,3
5038,3
5039,16
5040,9
5041,10
5042,10
5043,8
5044,13
5045,6
5046,14
5047,0
5048,6
5049,3
5050,5
5051,10
5052,10
5053,3
5054,2
5055,11
5056,2
5057,4
5058,7
5059,0
5060,14
5061,18
5062,9
5063,5
5064,11
5065,6
5066,8
5067,13
5068,7
5069,8
5070,9
5071,14
5072,6
5073,0
5074,5
5075,10
5076,8
5077,1
5078,6
5079,16
5080,10
5081,2
5082,8
5083,10
5084,16
5085,1
5086,15
5087,15
5088,10
5089,11
5090,10
5091,15
5092,16
5093,9
5094,10
5095,17
5096,1
5097,13
5098,12
5099,6
5100,13
5101,10
5102,4
5103,4
5104,8
5105,5
5106,9
5107,13
5108,11
5109,7
5110,12
5111,12
5112,13
5113,10
5114,12
5115,8
5116,10
5117,2
5118,15
5119,13
5120,10
5121,6
5122,12
5123,0
5124,2
5125,0
5126,10
5127,8
5128,12
5129,9
5130,14
5131,9
5132,2
5133,6
5134,12
5135,12
5136,6
5137,7
5138,9
5139,2
5140,8
5141,12
5142,11
5143,15
5144,9
5145,9
5146,3
5147,5
5148,12
5149,11
5150,13
5151,11
5152,6
5153,12
5154,11
5155,6
5156,14
5157,14
5158,4
5159,12
5160,6
5161,16
5162,16
5163,6
5164,13
5165,14
5166,9
5167,11
5168,13
5169,10
5170,3
5171,10
5172,12
5173,13
5174,12
5175,8
5176,13
5177,7
5178,6
5179,10
5180,10
5181,4
5182,3
5183,6
5184,2
5185,9
5186,9
5187,12
5188,11
5189,2
5190,1
5191,9
5192,3
5193,13
5194,13
5195,11
5196,6
5197,4
5198,10
5199,10
5200,10
5201,10
5202,7
5203,9
5204,14
5205,3
5206,13
5207,12
5208,11
5209,10
5210,15
5211,6
5212,8
5213,11
5214,9
5215,10
5216,13
5217,18
5218,8
5219,6
5220,8
5221,2
5222,8
5223,10
5224,8
5225,10
5226,9
5227,13
5228,9
5229,8
5230,15
5231,6
5232,3
5233,17
5234,16
5235,12
5236,8
5237,4
5238,16
5239,2
5240,3
5241,9
5242,13
5243,10
5244,9
5245,10
5246,12
5247,16
5248,13
5249,10
5250,3
5251,13
5252,10
5253,11
5254,8
5255,8
5256,8
5257,15
5258,15
5259,8
5260,8
5261,13
5262,16
5263,5
5264,11
5265,5
5266,6
5267,13
5268,2
5269,2
5270,7
5271,8
5272,7
5273,16
5274,2
5275,10
5276,10
5277,16
5278,7
5279,6
5280,8
5281,1
5282,8
5283,4
5284,7
5285,8
5286,11
5287,11
5288,9
5289,17
5290,8
5291,4
5292,10
5293,4
5294,11
5295,3
5296,11
5297,16
5298,5
5299,16
5300,16
5301,2
5302,6
5303,5
5304,17
5305,13
5306,12
5307,15
5308,6
5309,8
5310,13
5311,1
5312,3
5313,9
5314,6
5315,12
5316,3
5317,1
5318,11
5319,10
5320,10
5321,10
5322,2
5323,16
5324,6
5325,12
5326,14
5327,4
5328,13
5329,5
5330,5
5331,16
5332,9
5333,10
5334,9
5335,10
5336,12
5337,6
5338,13
5339,18
5340,9
5341,0
5342,4
5343,5
5344,11
5345,9
5346,9
5347,8
5348,12
5349,8
5350,10
5351,5
5352,4
5353,15
5354,13
5355,9
5356,6
5357,10
5358,8
5359,11
5360,13
5361,18
5362,14
5363,13
5364,13
5365,13
5366,9
5367,16
5368,5
5369,12
5370,11
5371,3
5372,10
5373,10
5374,12
5375,10
5376,2
5377,12
5378,13
5379,3
5380,10
5381,7
5382,16
5383,15
5384,8
5385,10
5386,6
5387,11
5388,12
5389,11
5390,10
5391,9
5392,11
5393,6
5394,9
5395,10
5396,4
5397,8
5398,8
5399,9
5400,10
5401,5
5402,13
5403,11
5404,6
5405,14
5406,8
5407,11
5408,9
5409,10
5410,7
5411,15
5412,13
5413,9
5414,10
5415,4
5416,10
5417,13
5418,16
5419,1
5420,10
5421,17
5422,7
5423,11
5424,7
5425,14
5426,10
5427,10
5428,1
5429,2
5430,3
5431,4
5432,3
5433,9
5434,9
5435,11
5436,6
5437,9
5438,9
5439,12
5440,9
5441,8
5442,8
5443,13
5444,2
5445,5
5446,2
5447,15
5448,7
5449,9
5450,11
5451,10
5452,11
5453,10
5454,3
5455,10
5456,15
5457,10
5458,1
5459,1
5460,10
5461,10
5462,10
5463,14
5464,9
5465,8
5466,10
5467,11
5468,5
5469,12
5470,8
5471,6
5472,12
5473,7
5474,9
5475,10
5476,8
5477,1
5478,16
5479,7
5480,10
5481,6
5482,16
5483,3
5484,1
5485,6
5486,12
5487,10
5488,10
5489,5
5490,10
5491,15
5492,10
5493,11
5494,14
5495,9
5496,2
5497,10
5498,4
5499,10
5500,3
5501,9
5502,9
5503,8
5504,8
5505,12
5506,3
5507,7
5508,10
5509,11
5510,15
5511,6
5512,2
5513,14
5514,10
5515,4
5516,10
5517,11
5518,1
5519,12
5520,6
5521,4
5522,7
5523,11
5524,9
5525,13
5526,10
5527,16
5528,8
5529,12
5530,16
5531,6
5532,12
5533,7
5534,12
5535,12
5536,3
5537,8
5538,4
5539,10
5540,5
5541,15
5542,3
5543,14
5544,9
5545,10
5546,9
5547,8
5548,8
5549,7
5550,11
5551,1
5552,2
5553,14
5554,13
5555,4
5556,10
5557,9
5558,4
5559,8
5560,7
5561,9
5562,5
5563,15
5564,11
5565,8
5566,9
5567,10
5568,6
5569,13
5570,5
5571,2
5572,7
5573,12
5574,10
5575,9
5576,9
5577,13
5578,6
5579,10
5580,9
5581,11
5582,10
5583,6
5584,6
5585,11
5586,3
5587,10
5588,12
5589,9
5590,10
5591,9
5592,10
5593,4
5594,3
5595,18
5596,10
5597,11
5598,16
5599,5
5600,6
5601,14
5602,7
5603,15
5604,9
5605,4
5606,15
5607,7
5608,5
5609,18
5610,8
5611,12
5612,6
5613,10
5614,10
5615,6
5616,9
5617,16
5618,5
5619,8
5620,9
5621,2
5622,10
5623,9
5624,7
5625,5
5626,3
5627,12
5628,15
5629,8
5630,10
5631,9
5632,8
5633,11
5634,11
5635,15
5636,8
5637,10
5638,11
5639,6
5640,12
5641,15
5642,13
5643,0
5644,7
5645,5
5646,8
5647,0
5648,10
5649,17
5650,16
5651,4
5652,14
5653,16
5654,14
5655,11
5656,12
5657,12
5658,16
5659,11
5660,12
5661,1
5662,0
5663,8
5664,16
5665,16
5666,10
5667,5
5668,7
5669,12
5670,1
5671,6
5672,10
5673,14
5674,6
5675,17
5676,9
5677,16
5678,6
5679,11
5680,8
5681,10
5682,3
5683,12
5684,12
5685,12
5686,15
5687,8
5688,13
5689,9
5690,7
5691,4
5692,8
5693,15
5694,9
5695,7
5696,5
5697,8
5698,10
5699,16
5700,6
5701,10
5702,9
5703,10
5704,11
5705,9
5706,7
5707,4
5708,9
5709,2
5710,1
5711,7
5712,4
5713,12
5714,13
5715,10
5716,13
5717,16
5718,16
5719,5
5720,17
5721,9
5722,9
5723,17
5724,7
5725,10
5726,12
5727,11
5728,7
5729,11
5730,8
5731,6
5732,1
5733,3
5734,12
5735,9
5736,3
5737,6
5738,12
5739,12
5740,9
5741,10
5742,5
5743,14
5744,4
5745,10
5746,8
5747,3
5748,11
5749,16
5750,4
5751,9
5752,0
5753,10
5754,7
5755,10
5756,17
5757,7
5758,15
5759,11
5760,14
5761,3
5762,8
5763,5
5764,9
5765,13
5766,9
5767,13
5768,5
5769,2
5770,9
5771,2
5772,7
5773,3
5774,9
5775,7
5776,12
5777,7
5778,3
5779,12
5780,13
5781,6
5782,9
5783,17
5784,13
5785,9
5786,1
5787,13
5788,6
5789,12
5790,8
5791,3
5792,5
5793,14
5794,9
5795,5
5796,5
5797,2
5798,7
5799,7
5800,10
5801,2
5802,5
5803,10
5804,9
5805,5
5806,0
5807,3
5808,14
5809,5
5810,7
5811,3
5812,9
5813,3
5814,1
5815,8
5816,10
5817,9
5818,16
5819,9
5820,10
5821,13
5822,9
5823,16
5824,12
5825,11
5826,8
5827,3
5828,7
5829,9
5830,11
5831,6
5832,10
5833,4
5834,5
5835,10
5836,13
5837,16
5838,10
5839,8
5840,6
5841,3
5842,7
5843,1
5844,9
5845,11
5846,8
5847,12
5848,11
5849,4
5850,2
5851,10
5852,3
5853,10
5854,6
5855,13
5856,2
5857,9
5858,6
5859,7
5860,3
5861,10
5862,10
5863,11
5864,9
5865,5
5866,7
5867,8
5868,9
5869,3
5870,7
5871,6
5872,16
5873,10
5874,9
5875,12
5876,8
5877,6
5878,2
5879,10
5880,2
5881,11
5882,12
5883,8
5884,13
5885,11
5886,15
5887,12
5888,10
5889,13
5890,5
5891,12
5892,2
5893,10
5894,12
5895,15
5896,9
5897,10
5898,3
5899,9
5900,7
5901,10
5902,15
5903,10
5904,10
5905,8
5906,8
5907,11
5908,10
5909,10
5910,11
5911,2
5912,13
5913,3
5914,9
5915,3
5916,16
5917,6
5918,17
5919,12
5920,16
5921,13
5922,5
5923,7
5924,3
5925,8
5926,8
5927,13
5928,11
5929,7
5930,3
5931,2
5932,1
5933,1
5934,9
5935,12
5936,12
5937,12
5938,8
5939,9
5940,10
5941,12
5942,7
5943,1
5944,11
5945,3
5946,8
5947,12
5948,10
5949,9
5950,4
5951,2
5952,14
5953,13
5954,18
5955,14
5956,12
5957,7
5958,13
5959,4
5960,13
5961,4
5962,11
5963,6
5964,13
5965,5
5966,4
5967,7
5968,3
5969,8
5970,13
5971,9
5972,11
5973,3
5974,7
5975,16
5976,11
5977,10
5978,4
5979,12
5980,8
5981,6
5982,14
5983,13
5984,8
5985,10
5986,18
5987,14
5988,13
5989,4
5990,6
5991,6
5992,10
5993,13
5994,9
5995,17
5996,6
5997,16
5998,12
5999,6
6000,8
6001,8
6002,8
6003,2
6004,13
6005,9
6006,6
6007,10
6008,9
6009,9
6010,9
6011,7
6012,3
6013,8
6014,10
6015,10
6016,14
6017,9
6018,13
6019,12
6020,14
6021,7
6022,13
6023,8
6024,1
6025,6
6026,9
6027,8
6028,3
6029,10
6030,8
6031,2
6032,12
6033,3
6034,6
6035,7
6036,10
6037,3
6038,7
6039,5
6040,2
6041,7
6042,5
6043,12
6044,13
6045,10
6046,8
6047,16
6048,12
6049,16
6050,0
6051,8
6052,7
6053,2
6054,9
6055,11
6056,14
6057,8
6058,9
6059,6
6060,9
6061,6
6062,10
6063,8
6064,15
6065,15
6066,5
6067,0
6068,14
6069,11
6070,13
6071,9
6072,12
6073,7
6074,17
6075,8
6076,7
6077,9
6078,9
6079,6
6080,8
6081,13
6082,3
6083,3
6084,7
6085,10
6086,8
6087,10
6088,14
6089,8
6090,13
6091,5
6092,16
6093,5
6094,12
6095,8
6096,10
6097,10
6098,6
6099,15
6100,6
6101,5
6102,6
6103,13
6104,17
6105,5
6106,6
6107,8
6108,15
6109,3
6110,8
6111,11
6112,9
6113,8
6114,7
6115,10
6116,17
6117,4
6118,11
6119,9
6120,7
6121,2
6122,10
6123,9
6124,4
6125,10
6126,7
6127,0
6128,14
6129,6
6130,1
6131,8
6132,5
6133,10
6134,9
6135,15
6136,9
6137,12
6138,18
6139,3
6140,18
6141,3
6142,9
6143,4
6144,11
6145,12
6146,10
6147,10
6148,13
6149,10
6150,6
6151,9
6152,11
6153,9
6154,5
6155,9
6156,11
6157,13
6158,5
6159,16
6160,6
6161,3
6162,1
6163,9
6164,15
6165,6
6166,12
6167,13
6168,6
6169,10
6170,10
6171,8
6172,10
6173,1
6174,10
6175,7
6176,3
6177,12
6178,6
6179,7
6180,3
6181,4
6182,7
6183,15
6184,8
6185,2
6186,10
6187,11
6188,13
6189,5
6190,9
6191,16
6192,2
6193,2
6194,15
6195,9
6196,6
6197,16
6198,4
6199,7
6200,8
6201,2
6202,10
6203,12
6204,7
6205,7
6206,4
6207,14
6208,6
6209,10
6210,13
6211,4
6212,2
6213,2
6214,8
6215,10
6216,5
6217,7
6218,1
6219,12
6220,6
6221,11
6222,4
6223,5
6224,15
6225,8
6226,7
6227,14
6228,4
6229,8
6230,8
6231,1
6232,7
6233,11
6234,7
6235,10
6236,1
6237,2
6238,14
6239,10
6240,7
6241,10
6242,11
6243,12
6244,17
6245,5
6246,12
6247,10
6248,11
6249,4
6250,3
6251,7
6252,9
6253,15
6254,9
6255,16
6256,17
6257,7
6258,7
6259,5
6260,0
6261,14
6262,18
6263,13
6264,12
6265,16
6266,15
6267,9
6268,14
6269,8
6270,9
6271,2
6272,12
6273,7
6274,13
6275,2
6276,4
6277,4
6278,8
6279,8
6280,10
6281,9
6282,10
6283,10
6284,9
6285,2
6286,6
6287,9
6288,5
6289,3
6290,9
6291,10
6292,13
6293,8
6294,11
6295,13
6296,11
6297,7
6298,10
6299,13
6300,8
6301,6
6302,8
6303,9
6304,15
6305,14
6306,8
6307,8
6308,4
6309,15
6310,18
6311,4
6312,5
6313,8
6314,10
6315,2
6316,12
6317,10
6318,10
6319,11
6320,10
6321,8
6322,7
6323,8
6324,8
6325,9
6326,8
6327,16
6328,10
6329,9
6330,5
6331,10
6332,16
6333,6
6334,3
6335,7
6336,1
6337,16
6338,2
6339,12
6340,7
6341,12
6342,4
6343,9
6344,11
6345,13
6346,10
6347,2
6348,12
6349,10
6350,13
6351,15
6352,11
6353,10
6354,10
6355,1
6356,0
6357,10
6358,1
6359,16
6360,8
6361,18
6362,5
6363,12
6364,5
6365,10
6366,7
6367,10
6368,11
6369,10
6370,6
6371,13
6372,11
6373,0
6374,17
6375,6
6376,10
6377,9
6378,8
6379,9
6380,8
6381,12
6382,2
6383,13
6384,8
6385,13
6386,5
6387,13
6388,11
6389,13
6390,10
6391,10
6392,8
6393,16
6394,11
6395,12
6396,0
6397,13
6398,1
6399,9
6400,5
6401,6
6402,10
6403,10
6404,1
6405,10
6406,12
6407,6
6408,3
6409,1
6410,7
6411,10
6412,9
6413,10
6414,10
6415,13
6416,2
6417,15
6418,1
6419,14
6420,3
6421,2
6422,7
6423,3
6424,3
6425,16
6426,2
6427,14
6428,16
6429,10
6430,2
6431,3
6432,5
6433,0
6434,10
6435,16
6436,2
6437,8
6438,13
6439,3
6440,10
6441,8
6442,11
6443,0
6444,3
6445,15
6446,6
6447,10
6448,10
6449,8
6450,16
6451,11
6452,7
6453,10
6454,12
6455,10
6456,2
6457,11
6458,6
6459,10
6460,10
6461,10
6462,6
6463,10
6464,11
6465,8
6466,18
6467,11
6468,11
6469,10
6470,12
6471,11
6472,3
6473,6
6474,10
6475,9
6476,14
6477,16
6478,3
6479,13
6480,10
6481,16
6482,8
6483,7
6484,4
6485,18
6486,11
6487,8
6488,15
6489,7
6490,6
6491,10
6492,7
6493,5
6494,4
6495,8
6496,8
6497,1
6498,9
6499,8
6500,9
6501,6
6502,16
6503,9
6504,2
6505,13
6506,16
6507,3
6508,9
6509,7
6510,6
6511,1
6512,4
6513,11
6514,10
6515,3
6516,7
6517,8
6518,13
6519,6
6520,6
6521,9
6522,11
6523,13
6524,9
6525,13
6526,11
6527,5
6528,10
6529,8
6530,5
6531,11
6532,4
6533,12
6534,8
6535,2
6536,18
6537,3
6538,4
6539,6
6540,9
6541,12
6542,11
6543,7
6544,0
6545,1
6546,5
6547,9
6548,8
6549,10
6550,8
6551,9
6552,4
6553,3
6554,10
6555,12
6556,8
6557,17
6558,4
6559,15
6560,4
6561,1
6562,18
6563,2
6564,17
6565,12
6566,5
6567,6
6568,6
6569,0
6570,5
6571,12
6572,8
6573,7
6574,0
6575,12
6576,3
6577,16
6578,10
6579,11
6580,11
6581,5
6582,12
6583,0
6584,8
6585,8
6586,8
6587,10
6588,10
6589,15
6590,10
6591,14
6592,9
6593,6
6594,11
6595,13
6596,4
6597,13
6598,12
6599,12
6600,10
6601,3
6602,9
6603,12
6604,2
6605,7
6606,3
6607,8
6608,11
6609,15
6610,3
6611,12
6612,8
6613,8
6614,15
6615,6
6616,13
6617,5
6618,12
6619,10
6620,10
6621,16
6622,6
6623,2
6624,14
6625,4
6626,15
6627,7
6628,13
6629,10
6630,10
6631,11
6632,6
6633,9
6634,6
6635,9
6636,11
6637,9
6638,12
6639,0
6640,8
6641,9
6642,15
6643,6
6644,18
6645,12
6646,5
6647,10
6648,8
6649,5
6650,5
6651,9
6652,8
6653,10
6654,11
6655,14
6656,7
6657,6
6658,10
6659,9
6660,14
6661,5
6662,6
6663,13
6664,3
6665,3
6666,7
6667,11
6668,2
6669,14
6670,8
6671,11
6672,12
6673,9
6674,11
6675,16
6676,11
6677,2
6678,14
6679,5
6680,13
6681,11
6682,3
6683,9
6684,10
6685,5
6686,4
6687,9
6688,6
6689,5
6690,4
6691,17
6692,12
6693,14
6694,6
6695,7
6696,2
6697,3
6698,11
6699,9
6700,9
6701,12
6702,3
6703,15
6704,9
6705,4
6706,11
6707,8
6708,10
6709,10
6710,14
6711,12
6712,13
6713,13
6714,6
6715,9
6716,12
6717,7
6718,4
6719,7
6720,3
6721,11
6722,16
6723,0
6724,17
6725,13
6726,13
6727,1
6728,14
6729,5
6730,13
6731,9
6732,10
6733,12
6734,12
6735,9
6736,8
6737,9
6738,13
6739,7
6740,14
6741,6
6742,11
6743,9
6744,13
6745,5
6746,9
6747,10
6748,11
6749,10
6750,6
6751,11
6752,9
6753,1
6754,1
6755,4
6756,14
6757,13
6758,13
6759,6
6760,2
6761,15
6762,3
6763,0
6764,13
6765,15
6766,13
6767,14
6768,11
6769,8
6770,5
6771,12
6772,14
6773,10
6774,16
6775,10
6776,2
6777,12
6778,11
6779,12
6780,9
6781,8
6782,15
6783,10
6784,10
6785,11
6786,2
6787,8
6788,14
6789,17
6790,3
6791,2
6792,3
6793,8
6794,10
6795,15
6796,13
6797,14
6798,10
6799,5
6800,13
6801,7
6802,4
6803,3
6804,6
6805,4
6806,10
6807,5
6808,13
6809,10
6810,2
6811,9
6812,9
6813,16
6814,15
6815,8
6816,5
6817,10
6818,7
6819,7
6820,15
6821,11
6822,8
6823,4
6824,8
6825,10
6826,11
6827,1
6828,13
6829,5
6830,4
6831,9
6832,9
6833,1
6834,16
6835,2
6836,9
6837,2
6838,2
6839,8
6840,9
6841,7
6842,11
6843,6
6844,15
6845,16
6846,6
6847,12
6848,7
6849,3
6850,6
6851,10
6852,2
6853,13
6854,2
6855,5
6856,3
6857,8
6858,11
6859,10
6860,6
6861,10
6862,9
6863,7
6864,7
6865,3
6866,11
6867,16
6868,16
6869,13
6870,8
6871,8
6872,0
6873,10
6874,11
6875,3
6876,9
6877,3
6878,10
6879,17
6880,16
6881,7
6882,8
6883,8
6884,1
6885,11
6886,10
6887,9
6888,13
6889,8
6890,8
6891,8
6892,1
6893,16
6894,8
6895,3
6896,10
6897,9
6898,3
6899,10
6900,10
6901,11
6902,10
6903,13
6904,1
6905,7
6906,13
6907,12
6908,2
6909,10
6910,7
6911,4
6912,7
6913,12
6914,3
6915,5
6916,8
6917,8
6918,11
6919,11
6920,13
6921,3
6922,13
6923,3
6924,8
6925,12
6926,8
6927,13
6928,4
6929,1
6930,16
6931,2
6932,2
6933,8
6934,11
6935,10
6936,9
6937,9
6938,11
6939,13
6940,11
6941,0
6942,8
6943,6
6944,11
6945,10
6946,15
6947,4
6948,16
6949,11
6950,14
6951,3
6952,3
6953,12
6954,17
6955,10
6956,9
6957,11
6958,9
6959,14
6960,12
6961,13
6962,16
6963,10
6964,6
6965,17
6966,17
6967,14
6968,1
6969,8
6970,2
6971,14
6972,9
6973,9
6974,8
6975,9
6976,0
6977,9
6978,2
6979,17
6980,10
6981,7
6982,10
6983,8
6984,15
6985,10
6986,14
6987,16
6988,6
6989,2
6990,3
6991,11
6992,10
6993,3
6994,12
6995,8
6996,9
6997,9
6998,7
6999,2
7000,2
7001,16
7002,15
7003,11
7004,18
7005,5
7006,5
7007,13
7008,12
7009,10
7010,13
7011,8
7012,5
7013,10
7014,1
7015,13
7016,13
7017,12
7018,9
7019,8
7020,6
7021,5
7022,13
7023,9
7024,3
7025,5
7026,13
7027,10
7028,8
7029,8
7030,8
7031,10
7032,13
7033,14
7034,16
7035,9
7036,2
7037,10
7038,13
7039,9
7040,12
7041,11
7042,2
7043,7
7044,10
7045,9
7046,12
7047,12
7048,4
7049,3
7050,4
7051,14
7052,10
7053,6
7054,6
7055,14
7056,4
7057,3
7058,4
7059,11
7060,10
7061,9
7062,10
7063,14
7064,5
7065,3
7066,8
7067,15
7068,17
7069,10
7070,12
7071,4
7072,8
7073,9
7074,16
7075,5
7076,8
7077,14
7078,12
7079,3
7080,2
7081,17
7082,11
7083,10
7084,10
7085,11
7086,10
7087,3
7088,10
7089,7
7090,8
7091,14
7092,9
7093,9
7094,6
7095,10
7096,7
7097,1
7098,13
7099,9
7100,0
7101,14
7102,8
7103,4
7104,9
7105,8
7106,12
7107,10
7108,12
7109,10
7110,6
7111,10
7112,7
7113,16
7114,9
7115,6
7116,6
7117,15
7118,10
7119,7
7120,2
7121,0
7122,8
7123,6
7124,8
7125,2
7126,6
7127,6
7128,8
7129,11
7130,0
7131,8
7132,2
7133,4
7134,15
7135,17
7136,15
7137,5
7138,3
7139,3
7140,7
7141,12
7142,5
7143,2
7144,6
7145,5
7146,13
7147,16
7148,6
7149,12
7150,16
7151,7
7152,9
7153,11
7154,0
7155,12
7156,10
7157,12
7158,3
7159,8
7160,7
7161,5
7162,17
7163,9
7164,2
7165,10
7166,6
7167,9
7168,14
7169,9
7170,9
7171,8
7172,8
7173,16
7174,2
7175,9
7176,3
7177,15
7178,11
7179,6
7180,6
7181,8
7182,10
7183,9
7184,16
7185,13
7186,1
7187,0
7188,10
7189,8
7190,8
7191,16
7192,11
7193,12
7194,9
7195,7
7196,1
7197,16
7198,7
7199,7
7200,9
7201,10
7202,18
7203,10
7204,9
7205,12
7206,15
7207,8
7208,5
7209,17
7210,9
7211,15
7212,12
7213,5
7214,7
7215,8
7216,13
7217,11
7218,17
7219,11
7220,17
7221,14
7222,8
7223,16
7224,13
7225,3
7226,12
7227,7
7228,5
7229,9
7230,15
7231,3
7232,6
7233,14
7234,3
7235,18
7236,11
7237,13
7238,10
7239,14
7240,6
7241,14
7242,9
7243,6
7244,11
7245,9
7246,5
7247,12
7248,9
7249,9
7250,9
7251,17
7252,9
7253,3
7254,10
7255,0
7256,15
7257,15
7258,3
7259,2
7260,2
7261,5
7262,3
7263,13
7264,9
7265,7
7266,16
7267,3
7268,2
7269,17
7270,14
7271,11
7272,14
7273,14
7274,15
7275,2
7276,7
7277,4
7278,5
7279,8
7280,17
7281,11
7282,13
7283,7
7284,2
7285,10
7286,14
7287,10
7288,2
7289,9
7290,16
7291,7
7292,13
7293,2
7294,9
7295,16
7296,12
7297,10
7298,7
7299,12
7300,8
7301,3
7302,15
7303,9
7304,13
7305,11
7306,14
7307,2
7308,13
7309,3
7310,1
7311,7
7312,4
7313,13
7314,14
7315,15
7316,12
7317,2
7318,11
7319,3
7320,10
7321,7
7322,10
7323,7
7324,12
7325,13
7326,10
7327,11
7328,9
7329,8
7330,12
7331,10
7332,8
7333,3
7334,0
7335,2
7336,11
7337,12
7338,11
7339,8
7340,16
7341,6
7342,6
7343,11
7344,7
7345,6
7346,9
7347,10
7348,13
7349,7
7350,8
7351,2
7352,13
7353,3
7354,12
7355,10
7356,12
7357,7
7358,14
7359,8
7360,14
7361,3
7362,10
7363,6
7364,10
7365,6
7366,4
7367,12
7368,3
7369,2
7370,17
7371,16
7372,10
7373,10
7374,3
7375,8
7376,9
7377,9
7378,7
7379,10
7380,15
7381,5
7382,6
7383,5
7384,3
7385,6
7386,9
7387,6
7388,14
7389,11
7390,12
7391,8
7392,13
7393,11
7394,3
7395,7
7396,6
7397,6
7398,16
7399,12
7400,4
7401,9
7402,3
7403,12
7404,15
7405,8
7406,14
7407,9
7408,8
7409,8
7410,10
7411,7
7412,12
7413,13
7414,9
7415,9
7416,9
7417,13
7418,2
7419,10
7420,11
7421,5
7422,10
7423,15
7424,8
7425,6
7426,14
7427,6
7428,4
7429,16
7430,6
7431,2
7432,6
7433,10
7434,3
7435,10
7436,10
7437,3
7438,10
7439,11
7440,9
7441,15
7442,10
7443,9
7444,10
7445,6
7446,10
7447,3
7448,6
7449,17
7450,11
7451,2
7452,12
7453,16
7454,5
7455,10
7456,9
7457,0
7458,10
7459,11
7460,0
7461,9
7462,11
7463,8
7464,13
7465,5
7466,8
7467,8
7468,12
7469,6
7470,6
7471,13
7472,1
7473,7
7474,8
7475,8
7476,2
7477,6
7478,11
7479,9
7480,8
7481,13
7482,1
7483,7
7484,14
7485,16
7486,12
7487,18
7488,9
7489,10
7490,5
7491,8
7492,7
7493,16
7494,6
7495,11
7496,4
7497,10
7498,8
7499,16
7500,7
7501,15
7502,1
7503,10
7504,10
7505,7
7506,12
7507,14
7508,11
7509,7
7510,12
7511,11
7512,15
7513,3
7514,7
7515,10
7516,2
7517,5
7518,8
7519,13
7520,13
7521,8
7522,10
7523,13
7524,14
7525,9
7526,2
7527,10
7528,8
7529,7
7530,6
7531,0
7532,9
7533,2
7534,17
7535,8
7536,14
7537,10
7538,9
7539,11
7540,10
7541,4
7542,4
7543,8
7544,10
7545,10
7546,13
7547,16
7548,13
7549,15
7550,4
7551,10
7552,13
7553,9
7554,8
7555,16
7556,10
7557,15
7558,4
7559,2
7560,15
7561,5
7562,9
7563,14
7564,14
7565,6
7566,1
7567,6
7568,2
7569,8
7570,10
7571,6
7572,9
7573,11
7574,13
7575,10
7576,9
7577,7
7578,0
7579,8
7580,3
7581,12
7582,9
7583,15
7584,2
7585,8
7586,4
7587,6
7588,8
7589,8
7590,10
7591,11
7592,9
7593,10
7594,1
7595,6
7596,10
7597,8
7598,13
7599,9
7600,13
7601,14
7602,7
7603,7
7604,7
7605,13
7606,6
7607,10
7608,15
7609,11
7610,6
7611,5
7612,8
7613,8
7614,12
7615,8
7616,5
7617,14
7618,16
7619,13
7620,11
7621,15
7622,10
7623,12
7624,18
7625,15
7626,2
7627,15
7628,12
7629,11
7630,9
7631,12
7632,12
7633,1
7634,3
7635,3
7636,18
7637,6
7638,6
7639,3
7640,8
7641,0
7642,15
7643,15
7644,10
7645,0
7646,10
7647,9
7648,2
7649,7
7650,15
7651,16
7652,10
7653,12
7654,10
7655,14
7656,16
7657,9
7658,8
7659,7
7660,13
7661,8
7662,6
7663,11
7664,11
7665,1
7666,9
7667,6
7668,14
7669,9
7670,7
7671,3
7672,11
7673,10
7674,4
7675,6
7676,8
7677,16
7678,13
7679,6
7680,13
7681,13
7682,11
7683,18
7684,12
7685,2
7686,9
7687,4
7688,8
7689,14
7690,1
7691,6
7692,12
7693,14
7694,6
7695,7
7696,15
7697,12
7698,10
7699,10
7700,2
7701,8
7702,7
7703,13
7704,11
7705,3
7706,10
7707,6
7708,13
7709,9
7710,10
7711,10
7712,7
7713,6
7714,7
7715,7
7716,12
7717,16
7718,14
7719,4
7720,11
7721,8
7722,5
7723,10
7724,10
7725,7
7726,12
7727,16
7728,2
7729,8
7730,3
7731,2
7732,0
7733,12
7734,16
7735,16
7736,9
7737,5
7738,2
7739,7
7740,11
7741,15
7742,1
7743,7
7744,13
7745,11
7746,14
7747,11
7748,4
7749,7
7750,10
7751,16
7752,16
7753,11
7754,11
7755,7
7756,8
7757,13
7758,8
7759,17
7760,11
7761,15
7762,11
7763,9
7764,11
7765,13
7766,10
7767,13
7768,12
7769,7
7770,7
7771,7
7772,11
7773,2
7774,6
7775,13
7776,16
7777,13
7778,12
7779,9
7780,5
7781,6
7782,10
7783,13
7784,3
7785,3
7786,9
7787,8
7788,2
7789,10
7790,15
7791,15
7792,9
7793,11
7794,5
7795,11
7796,2
7797,9
7798,3
7799,2
7800,2
7801,8
7802,16
7803,12
7804,10
7805,10
7806,7
7807,8
7808,10
7809,11
7810,10
7811,5
7812,9
7813,11
7814,6
7815,6
7816,17
7817,10
7818,13
7819,10
7820,9
7821,12
7822,11
7823,15
7824,16
7825,5
7826,7
7827,9
7828,7
7829,15
7830,9
7831,0
7832,4
7833,9
7834,5
7835,1
7836,10
7837,14
7838,18
7839,7
7840,2
7841,13
7842,9
7843,11
7844,5
7845,17
7846,1
7847,16
7848,16
7849,11
7850,10
7851,8
7852,11
7853,15
7854,10
7855,3
7856,15
7857,5
7858,8
7859,13
7860,9
7861,3
7862,15
7863,8
7864,7
7865,8
7866,1
7867,10
7868,3
7869,10
7870,14
7871,1
7872,6
7873,6
7874,8
7875,8
7876,10
7877,11
7878,6
7879,3
7880,9
7881,16
7882,13
7883,12
7884,10
7885,5
7886,13
7887,3
7888,11
7889,2
7890,8
7891,12
7892,14
7893,10
7894,17
7895,9
7896,13
7897,14
7898,9
7899,8
7900,12
7901,9
7902,9
7903,2
7904,3
7905,5
7906,16
7907,16
7908,13
7909,6
7910,12
7911,4
7912,15
7913,16
7914,7
7915,9
7916,8
7917,14
7918,8
7919,5
7920,12
7921,10
7922,8
7923,16
7924,2
7925,13
7926,9
7927,13
7928,10
7929,15
7930,2
7931,12
7932,12
7933,15
7934,18
7935,5
7936,5
7937,11
7938,12
7939,18
7940,8
7941,15
7942,10
7943,3
7944,13
7945,3
7946,2
7947,12
7948,8
7949,11
7950,8
7951,16
7952,12
7953,12
7954,9
7955,10
7956,4
7957,8
7958,6
7959,11
7960,5
7961,7
7962,13
7963,4
7964,10
7965,12
7966,8
7967,2
7968,7
7969,8
7970,16
7971,7
7972,8
7973,2
7974,10
7975,12
7976,5
7977,12
7978,10
7979,14
7980,8
7981,11
7982,10
7983,10
7984,9
7985,11
7986,9
7987,10
7988,13
7989,11
7990,12
7991,13
7992,11
7993,10
7994,10
7995,11
7996,10
7997,2
7998,6
7999,8
8000,9
8001,16
8002,15
8003,14
8004,12
8005,13
8006,14
8007,4
8008,16
8009,9
8010,10
8011,12
8012,11
8013,2
8014,9
8015,3
8016,16
8017,10
8018,3
8019,17
8020,1
8021,13
8022,16
8023,2
8024,8
8025,17
8026,10
8027,5
8028,15
8029,10
8030,9
8031,2
8032,10
8033,10
8034,3
8035,2
8036,8
8037,9
8038,13
8039,9
8040,9
8041,12
8042,8
8043,8
8044,4
8045,12
8046,10
8047,8
8048,9
8049,13
8050,9
8051,5
8052,10
8053,18
8054,1
8055,3
8056,3
8057,18
8058,10
8059,13
8060,10
8061,9
8062,11
8063,3
8064,13
8065,4
8066,13
8067,13
8068,6
8069,3
8070,11
8071,16
8072,16
8073,10
8074,11
8075,10
8076,10
8077,15
8078,12
8079,11
8080,10
8081,8
8082,16
8083,13
8084,13
8085,10
8086,5
8087,13
8088,5
8089,11
8090,8
8091,11
8092,11
8093,8
8094,16
8095,16
8096,0
8097,18
8098,6
8099,7
8100,8
8101,1
8102,3
8103,8
8104,9
8105,16
8106,16
8107,10
8108,9
8109,1
8110,5
8111,3
8112,11
8113,10
8114,9
8115,1
8116,14
8117,8
8118,14
8119,14
8120,3
8121,11
8122,12
8123,0
8124,8
8125,10
8126,4
8127,11
8128,9
8129,2
8130,16
8131,9
8132,5
8133,9
8134,2
8135,12
8136,1
8137,11
8138,4
8139,16
8140,10
8141,11
8142,12
8143,2
8144,12
8145,17
8146,10
8147,2
8148,13
8149,1
8150,14
8151,10
8152,8
8153,8
8154,10
8155,10
8156,8
8157,6
8158,10
8159,10
8160,12
8161,9
8162,18
8163,12
8164,7
8165,10
8166,5
8167,8
8168,16
8169,11
8170,12
8171,1
8172,7
8173,1
8174,8
8175,8
8176,1
8177,5
8178,8
8179,9
8180,9
8181,10
8182,5
8183,11
8184,0
8185,10
8186,11
8187,10
8188,3
8189,11
8190,7
8191,3
8192,10
8193,15
8194,7
8195,18
8196,3
8197,9
8198,2
8199,8
8200,10
8201,5
8202,14
8203,3
8204,8
8205,10
8206,13
8207,9
8208,8
8209,7
8210,7
8211,7
8212,9
8213,6
8214,12
8215,8
8216,0
8217,10
8218,8
8219,8
8220,16
8221,7
8222,3
8223,8
8224,8
8225,16
8226,12
8227,8
8228,9
8229,10
8230,0
8231,8
8232,14
8233,10
8234,2
8235,16
8236,12
8237,10
8238,2
8239,13
8240,10
8241,17
8242,7
8243,10
8244,8
8245,7
8246,10
8247,5
8248,8
8249,9
8250,2
8251,12
8252,4
8253,11
8254,8
8255,3
8256,13
8257,3
8258,6
8259,1
8260,9
8261,8
8262,12
8263,12
8264,9
8265,11
8266,6
8267,14
8268,10
8269,9
8270,13
8271,9
8272,10
8273,4
8274,2
8275,13
8276,7
8277,12
8278,0
8279,8
8280,11
8281,1
8282,15
8283,16
8284,4
8285,9
8286,3
8287,16
8288,12
8289,1
8290,4
8291,6
8292,15
8293,3
8294,0
8295,2
8296,9
8297,10
8298,5
8299,9
8300,10
8301,6
8302,2
8303,9
8304,12
8305,1
8306,15
8307,8
8308,3
8309,13
8310,14
8311,9
8312,6
8313,5
8314,4
8315,13
8316,12
8317,11
8318,13
8319,3
8320,9
8321,15
8322,11
8323,9
8324,14
8325,15
8326,2
8327,14
8328,4
8329,6
8330,3
8331,9
8332,9
8333,10
8334,5
8335,4
8336,5
8337,3
8338,10
8339,10
8340,7
8341,11
8342,5
8343,6
8344,8
8345,9
8346,9
8347,8
8348,3
8349,10
8350,8
8351,7
8352,4
8353,8
8354,8
8355,12
8356,11
8357,7
8358,8
8359,2
8360,4
8361,8
8362,12
8363,13
8364,11
8365,10
8366,18
8367,9
8368,18
8369,5
8370,3
8371,0
8372,7
8373,15
8374,11
8375,9
8376,14
8377,17
8378,13
8379,9
8380,4
8381,11
8382,7
8383,0
8384,13
8385,10
8386,7
8387,13
8388,11
8389,2
8390,12
8391,11
8392,10
8393,6
8394,7
8395,6
8396,11
8397,15
8398,10
8399,11
8400,10
8401,18
8402,10
8403,10
8404,10
8405,6
8406,5
8407,14
8408,18
8409,11
8410,10
8411,6
8412,18
8413,7
8414,11
8415,7
8416,7
8417,8
8418,4
8419,8
8420,7
8421,13
8422,10
8423,10
8424,13
8425,7
8426,13
8427,8
8428,12
8429,16
8430,6
8431,10
8432,16
8433,5
8434,3
8435,16
8436,9
8437,8
8438,1
8439,13
8440,9
8441,10
8442,5
8443,10
8444,8
8445,10
8446,7
8447,9
8448,7
8449,12
8450,10
8451,10
8452,13
8453,7
8454,18
8455,4
8456,6
8457,11
8458,16
8459,3
8460,5
8461,7
8462,8
8463,13
8464,4
8465,1
8466,10
8467,1
8468,12
8469,12
8470,12
8471,12
8472,14
8473,3
8474,9
8475,10
8476,18
8477,11
8478,10
8479,6
8480,3
8481,9
8482,8
8483,12
8484,3
8485,2
8486,6
8487,10
8488,8
8489,1
8490,10
8491,4
8492,16
8493,13
8494,8
8495,9
8496,11
8497,6
8498,18
8499,1
8500,7
8501,0
8502,13
8503,6
8504,1
8505,5
8506,17
8507,10
8508,2
8509,16
8510,3
8511,3
8512,10
8513,16
8514,8
8515,16
8516,9
8517,10
8518,10
8519,11
8520,9
8521,10
8522,8
8523,3
8524,6
8525,4
8526,10
8527,11
8528,12
8529,9
8530,11
8531,10
8532,10
8533,12
8534,2
8535,13
8536,6
8537,11
8538,12
8539,2
8540,9
8541,9
8542,7
8543,9
8544,18
8545,16
8546,8
8547,3
8548,3
8549,5
8550,5
8551,12
8552,5
8553,1
8554,7
8555,8
8556,2
8557,9
8558,3
8559,16
8560,10
8561,6
8562,6
8563,10
8564,8
8565,15
8566,12
8567,16
8568,15
8569,7
8570,10
8571,12
8572,17
8573,12
8574,15
8575,3
8576,10
8577,13
8578,8
8579,10
8580,5
8581,6
8582,12
8583,4
8584,1
8585,13
8586,7
8587,5
8588,12
8589,9
8590,5
8591,3
8592,10
8593,17
8594,2
8595,18
8596,7
8597,11
8598,12
8599,3
8600,8
8601,10
8602,8
8603,11
8604,17
8605,15
8606,8
8607,7
8608,11
8609,13
8610,12
8611,16
8612,8
8613,2
8614,10
8615,3
8616,9
8617,13
8618,11
8619,10
8620,0
8621,17
8622,12
8623,10
8624,11
8625,3
8626,3
8627,6
8628,12
8629,10
8630,11
8631,13
8632,8
8633,9
8634,13
8635,13
8636,8
8637,10
8638,2
8639,9
8640,10
8641,9
8642,8
8643,11
8644,13
8645,6
8646,9
8647,5
8648,0
8649,4
8650,6
8651,6
8652,9
8653,17
8654,7
8655,6
8656,6
8657,9
8658,3
8659,12
8660,10
8661,6
8662,2
8663,2
8664,6
8665,16
8666,8
8667,4
8668,17
8669,18
8670,8
8671,9
8672,14
8673,10
8674,9
8675,5
8676,8
8677,8
8678,6
8679,9
8680,11
8681,7
8682,10
8683,7
8684,10
8685,12
8686,5
8687,13
8688,10
8689,7
8690,16
8691,13
8692,5
8693,10
8694,12
8695,10
8696,10
8697,4
8698,12
8699,13
8700,3
8701,0
8702,9
8703,9
8704,4
8705,17
8706,11
8707,9
8708,10
8709,3
8710,11
8711,6
8712,11
8713,5
8714,0
8715,11
8716,10
8717,16
8718,3
8719,10
8720,2
8721,9
8722,12
8723,4
8724,13
8725,14
8726,13
8727,15
8728,9
8729,10
8730,6
8731,6
8732,16
8733,10
8734,6
8735,2
8736,11
8737,13
8738,3
8739,12
8740,8
8741,12
8742,0
8743,4
8744,2
8745,8
8746,10
8747,12
8748,8
8749,10
8750,3
8751,13
8752,12
8753,10
8754,11
8755,7
8756,8
8757,8
8758,2
8759,2
8760,6
8761,11
8762,3
8763,3
8764,12
8765,12
8766,16
8767,6
8768,13
8769,10
8770,11
8771,4
8772,4
8773,5
8774,8
8775,12
8776,8
8777,8
8778,6
8779,3
8780,7
8781,13
8782,2
8783,11
8784,10
8785,10
8786,3
8787,5
8788,16
8789,13
8790,16
8791,5
8792,14
8793,9
8794,6
8795,7
8796,5
8797,15
8798,3
8799,11
8800,9
8801,2
8802,7
8803,11
8804,11
8805,11
8806,12
8807,8
8808,13
8809,6
8810,5
8811,7
8812,10
8813,8
8814,13
8815,7
8816,14
8817,11
8818,4
8819,10
8820,16
8821,15
8822,8
8823,8
8824,12
8825,7
8826,8
8827,4
8828,10
8829,10
8830,16
8831,8
8832,5
8833,12
8834,7
8835,9
8836,10
8837,16
8838,2
8839,10
8840,10
8841,10
8842,16
8843,3
8844,4
8845,4
8846,3
8847,16
8848,12
8849,10
8850,9
8851,11
8852,8
8853,18
8854,12
8855,10
8856,6
8857,10
8858,7
8859,1
8860,11
8861,8
8862,8
8863,10
8864,10
8865,3
8866,12
8867,7
8868,2
8869,4
8870,13
8871,16
8872,6
8873,14
8874,0
8875,3
8876,11
8877,5
8878,13
8879,9
8880,4
8881,0
8882,12
8883,7
8884,5
8885,5
8886,3
8887,9
8888,14
8889,9
8890,10
8891,16
8892,4
8893,10
8894,6
8895,15
8896,9
8897,10
8898,6
8899,14
8900,5
8901,0
8902,10
8903,7
8904,8
8905,9
8906,10
8907,11
8908,16
8909,4
8910,12
8911,9
8912,11
8913,13
8914,12
8915,10
8916,11
8917,2
8918,15
8919,16
8920,6
8921,5
8922,6
8923,7
8924,7
8925,10
8926,9
8927,6
8928,11
8929,9
8930,5
8931,18
8932,12
8933,16
8934,15
8935,10
8936,14
8937,5
8938,1
8939,3
8940,10
8941,10
8942,17
8943,11
8944,8
8945,2
8946,9
8947,8
8948,10
8949,16
8950,9
8951,1
8952,17
8953,6
8954,10
8955,12
8956,13
8957,9
8958,18
8959,15
8960,12
8961,8
8962,10
8963,11
8964,3
8965,12
8966,10
8967,13
8968,15
8969,3
8970,14
8971,9
8972,6
8973,14
8974,8
8975,8
8976,10
8977,8
8978,8
8979,10
8980,4
8981,13
8982,15
8983,10
8984,9
8985,13
8986,7
8987,13
8988,15
8989,1
8990,13
8991,4
8992,15
8993,14
8994,18
8995,8
8996,11
8997,10
8998,16
8999,8
9000,3
9001,9
9002,7
9003,11
9004,2
9005,12
9006,10
9007,5
9008,9
9009,13
9010,18
9011,10
9012,14
9013,15
9014,15
9015,3
9016,8
9017,5
9018,5
9019,7
9020,16
9021,11
9022,15
9023,5
9024,10
9025,12
9026,8
9027,9
9028,13
9029,4
9030,13
9031,16
9032,6
9033,9
9034,12
9035,13
9036,3
9037,9
9038,7
9039,13
9040,10
9041,9
9042,16
9043,12
9044,10
9045,18
9046,2
9047,10
9048,9
9049,6
9050,10
9051,5
9052,10
9053,16
9054,10
9055,14
9056,10
9057,9
9058,4
9059,6
9060,1
9061,5
9062,7
9063,10
9064,7
9065,13
9066,12
9067,15
9068,6
9069,9
9070,6
9071,11
9072,13
9073,2
9074,13
9075,1
9076,3
9077,4
9078,10
9079,10
9080,2
9081,16
9082,8
9083,5
9084,6
9085,10
9086,5
9087,9
9088,8
9089,7
9090,16
9091,2
9092,16
9093,11
9094,1
9095,4
9096,11
9097,16
9098,4
9099,8
9100,7
9101,13
9102,10
9103,12
9104,13
9105,13
9106,12
9107,13
9108,5
9109,11
9110,10
9111,3
9112,3
9113,7
9114,8
9115,9
9116,9
9117,3
9118,13
9119,4
9120,5
9121,8
9122,6
9123,11
9124,16
9125,3
9126,13
9127,15
9128,6
9129,1
9130,3
9131,8
9132,8
9133,16
9134,7
9135,2
9136,15
9137,10
9138,2
9139,5
9140,7
9141,5
9142,1
9143,15
9144,16
9145,6
9146,9
9147,7
9148,2
9149,12
9150,1
9151,3
9152,11
9153,16
9154,3
9155,16
9156,12
9157,4
9158,12
9159,3
9160,3
9161,6
9162,10
9163,16
9164,10
9165,10
9166,11
9167,11
9168,9
9169,2
9170,12
9171,16
9172,5
9173,8
9174,18
9175,2
9176,12
9177,7
9178,10
9179,4
9180,17
9181,6
9182,10
9183,3
9184,17
9185,6
9186,6
9187,16
9188,1
9189,11
9190,12
9191,13
9192,13
9193,8
9194,8
9195,12
9196,13
9197,10
9198,9
9199,10
9200,9
9201,11
9202,8
9203,12
9204,9
9205,10
9206,11
9207,10
9208,16
9209,13
9210,13
9211,17
9212,5
9213,11
9214,11
9215,13
9216,10
9217,12
9218,8
9219,2
9220,13
9221,8
9222,10
9223,16
9224,9
9225,12
9226,5
9227,4
9228,1
9229,6
9230,6
9231,4
9232,11
9233,16
9234,4
9235,8
9236,5
9237,1
9238,12
9239,15
9240,10
9241,14
9242,12
9243,9
9244,1
9245,6
9246,3
9247,11
9248,10
9249,10
9250,5
9251,1
9252,6
9253,4
9254,4
9255,12
9256,10
9257,12
9258,11
9259,7
9260,1
9261,8
9262,12
9263,7
9264,13
9265,8
9266,9
9267,3
9268,13
9269,5
9270,4
9271,9
9272,10
9273,1
9274,8
9275,10
9276,11
9277,13
9278,11
9279,7
9280,13
9281,11
9282,9
9283,12
9284,1
9285,8
9286,6
9287,9
9288,9
9289,10
9290,17
9291,10
9292,10
9293,11
9294,5
9295,2
9296,14
9297,16
9298,12
9299,10
9300,14
9301,3
9302,8
9303,8
9304,10
9305,5
9306,1
9307,8
9308,0
9309,10
9310,3
9311,7
9312,8
9313,6
9314,5
9315,12
9316,9
9317,15
9318,8
9319,10
9320,12
9321,6
9322,4
9323,9
9324,12
9325,10
9326,9
9327,10
9328,9
9329,5
9330,12
9331,4
9332,10
9333,5
9334,13
9335,6
9336,2
9337,15
9338,11
9339,14
9340,10
9341,8
9342,13
9343,9
9344,15
9345,9
9346,6
9347,13
9348,14
9349,8
9350,12
9351,7
9352,13
9353,12
9354,9
9355,15
9356,6
9357,7
9358,14
9359,10
9360,18
9361,4
9362,9
9363,6
9364,1
9365,9
9366,5
9367,6
9368,8
9369,7
9370,10
9371,9
9372,3
9373,10
9374,10
9375,16
9376,13
9377,3
9378,16
9379,7
9380,6
9381,11
9382,12
9383,10
9384,7
9385,8
9386,6
9387,10
9388,13
9389,15
9390,10
9391,11
9392,6
9393,10
9394,16
9395,9
9396,10
9397,2
9398,12
9399,13
9400,16
9401,10
9402,11
9403,10
9404,8
9405,3
9406,16
9407,6
9408,8
9409,5
9410,5
9411,6
9412,11
9413,10
9414,11
9415,8
9416,16
9417,18
9418,3
9419,11
9420,0
9421,16
9422,1
9423,14
9424,13
9425,13
9426,3
9427,12
9428,10
9429,14
9430,9
9431,10
9432,1
9433,10
9434,1
9435,6
9436,9
9437,16
9438,11
9439,3
9440,2
9441,11
9442,7
9443,11
9444,9
9445,2
9446,11
9447,6
9448,1
9449,8
9450,5
9451,14
9452,10
9453,10
9454,5
9455,13
9456,14
9457,1
9458,6
9459,5
9460,14
9461,13
9462,7
9463,9
9464,11
9465,16
9466,15
9467,11
9468,8
9469,11
9470,9
9471,12
9472,12
9473,8
9474,8
9475,5
9476,6
9477,10
9478,9
9479,8
9480,9
9481,6
9482,3
9483,2
9484,9
9485,16
9486,10
9487,6
9488,13
9489,2
9490,10
9491,10
9492,8
9493,8
9494,6
9495,12
9496,2
9497,12
9498,10
9499,0
9500,3
9501,14
9502,10
9503,18
9504,13
9505,4
9506,9
9507,3
9508,12
9509,9
9510,13
9511,2
9512,16
9513,11
9514,1
9515,9
9516,4
9517,3
9518,12
9519,9
9520,10
9521,5
9522,2
9523,10
9524,12
9525,9
9526,8
9527,1
9528,4
9529,3
9530,6
9531,9
9532,3
9533,7
9534,8
9535,16
9536,11
9537,7
9538,11
9539,12
9540,12
9541,18
9542,0
9543,13
9544,15
9545,3
9546,10
9547,1
9548,7
9549,7
9550,10
9551,10
9552,3
9553,10
9554,8
9555,8
9556,10
9557,11
9558,11
9559,2
9560,12
9561,10
9562,4
9563,13
9564,3
9565,13
9566,1
9567,12
9568,10
9569,8
9570,5
9571,11
9572,11
9573,10
9574,7
9575,12
9576,8
9577,15
9578,15
9579,12
9580,9
9581,10
9582,13
9583,11
9584,10
9585,15
9586,10
9587,15
9588,14
9589,13
9590,16
9591,2
9592,1
9593,3
9594,5
9595,9
9596,8
9597,11
9598,7
9599,8
9600,13
9601,8
9602,0
9603,4
9604,7
9605,16
9606,3
9607,8
9608,10
9609,5
9610,14
9611,5
9612,7
9613,13
9614,3
9615,6
9616,10
9617,7
9618,3
9619,0
9620,6
9621,3
9622,13
9623,17
9624,1
9625,8
9626,12
9627,14
9628,5
9629,2
9630,10
9631,7
9632,10
9633,11
9634,3
9635,10
9636,6
9637,14
9638,7
9639,9
9640,16
9641,12
9642,3
9643,12
9644,5
9645,12
9646,5
9647,4
9648,6
9649,5
9650,0
9651,6
9652,12
9653,5
9654,9
9655,8
9656,10
9657,2
9658,7
9659,8
9660,12
9661,10
9662,9
9663,13
9664,10
9665,17
9666,11
9667,12
9668,6
9669,3
9670,16
9671,12
9672,9
9673,10
9674,9
9675,10
9676,9
9677,11
9678,11
9679,3
9680,12
9681,8
9682,9
9683,10
9684,6
9685,8
9686,10
9687,11
9688,4
9689,11
9690,2
9691,2
9692,3
9693,10
9694,16
9695,17
9696,9
9697,3
9698,2
9699,13
9700,9
9701,5
9702,5
9703,15
9704,2
9705,11
9706,10
9707,1
9708,7
9709,15
9710,4
9711,9
9712,12
9713,10
9714,16
9715,8
9716,1
9717,3
9718,11
9719,16
9720,11
9721,13
9722,14
9723,3
9724,8
9725,13
9726,12
9727,6
9728,11
9729,16
9730,4
9731,6
9732,4
9733,8
9734,10
9735,8
9736,1
9737,15
9738,16
9739,12
9740,5
9741,12
9742,1
9743,3
9744,5
9745,16
9746,10
9747,6
9748,10
9749,10
9750,2
9751,9
9752,12
9753,6
9754,7
9755,15
9756,10
9757,15
9758,17
9759,3
9760,12
9761,7
9762,8
9763,9
9764,3
9765,2
9766,16
9767,15
9768,16
9769,13
9770,7
9771,11
9772,8
9773,14
9774,5
9775,4
9776,16
9777,5
9778,16
9779,16
9780,13
9781,8
9782,6
9783,16
9784,1
9785,13
9786,10
9787,10
9788,16
9789,12
9790,9
9791,14
9792,9
9793,9
9794,5
9795,1
9796,7
9797,6
9798,13
9799,14
9800,2
9801,16
9802,5
9803,11
9804,16
9805,9
9806,10
9807,7
9808,10
9809,11
9810,0
9811,16
9812,13
9813,1
9814,6
9815,10
9816,5
9817,10
9818,8
9819,11
9820,2
9821,6
9822,3
9823,0
9824,6
9825,6
9826,9
9827,6
9828,10
9829,18
9830,13
9831,6
9832,5
9833,8
9834,12
9835,15
9836,8
9837,10
9838,6
9839,12
9840,7
9841,7
9842,15
9843,9
9844,2
9845,12
9846,9
9847,3
9848,5
9849,8
9850,10
9851,9
9852,6
9853,5
9854,15
9855,10
9856,7
9857,8
9858,7
9859,10
9860,12
9861,3
9862,8
9863,8
9864,14
9865,8
9866,16
9867,14
9868,12
9869,12
9870,6
9871,1
9872,5
9873,18
9874,13
9875,10
9876,3
9877,9
9878,6
9879,10
9880,9
9881,3
9882,6
9883,9
9884,17
9885,16
9886,9
9887,13
9888,6
9889,10
9890,17
9891,10
9892,13
9893,5
9894,13
9895,2
9896,8
9897,13
9898,9
9899,10
9900,12
9901,6
9902,16
9903,14
9904,11
9905,10
9906,12
9907,12
9908,10
9909,6
9910,3
9911,13
9912,16
9913,10
9914,18
9915,8
9916,8
9917,9
9918,7
9919,10
9920,14
9921,12
9922,6
9923,11
9924,12
9925,3
9926,10
9927,14
9928,7
9929,10
9930,9
9931,8
9932,4
9933,5
9934,14
9935,18
9936,16
9937,12
9938,7
9939,8
9940,12
9941,5
9942,6
9943,8
9944,4
9945,11
9946,13
9947,10
9948,7
9949,1
9950,9
9951,13
9952,11
9953,8
9954,9
9955,2
9956,6
9957,13
9958,9
9959,9
9960,17
9961,5
9962,8
9963,12
9964,12
9965,8
9966,5
9967,7
9968,6
9969,10
9970,18
9971,6
9972,9
9973,10
9974,12
9975,4
9976,16
9977,7
9978,6
9979,9
9980,3
9981,3
9982,10
9983,4
9984,8
9985,16
9986,9
9987,6
9988,16
9989,9
9990,8
9991,0
9992,16
9993,3
9994,8
9995,10
9996,14
9997,9
9998,5
9999,6
