Index,Class
0,14
1,7
2,10
3,7
4,5
5,6
6,13
7,12
8,5
9,16
10,6
11,6
12,4
13,8
14,9
15,5
16,13
17,4
18,6
19,4
20,12
21,11
22,6
23,6
24,14
25,7
26,16
27,10
28,14
29,12
30,10
31,11
32,2
33,8
34,6
35,11
36,16
37,5
38,12
39,10
40,14
41,8
42,3
43,7
44,9
45,6
46,7
47,5
48,10
49,6
50,11
51,15
52,9
53,8
54,4
55,11
56,8
57,7
58,4
59,6
60,9
61,8
62,13
63,11
64,6
65,4
66,6
67,18
68,3
69,15
70,13
71,14
72,12
73,14
74,9
75,11
76,9
77,4
78,9
79,5
80,13
81,10
82,8
83,16
84,8
85,2
86,2
87,7
88,9
89,16
90,13
91,9
92,13
93,8
94,11
95,10
96,5
97,4
98,13
99,6
100,9
101,15
102,4
103,8
104,11
105,9
106,14
107,14
108,7
109,16
110,3
111,9
112,4
113,11
114,9
115,7
116,8
117,9
118,12
119,11
120,3
121,1
122,9
123,10
124,7
125,16
126,5
127,10
128,2
129,11
130,3
131,8
132,13
133,7
134,10
135,10
136,13
137,13
138,2
139,5
140,5
141,5
142,12
143,16
144,11
145,2
146,12
147,13
148,18
149,13
150,10
151,4
152,4
153,11
154,7
155,2
156,4
157,2
158,6
159,10
160,8
161,6
162,5
163,8
164,12
165,10
166,3
167,4
168,11
169,5
170,8
171,14
172,12
173,8
174,9
175,15
176,12
177,8
178,15
179,7
180,8
181,9
182,10
183,4
184,0
185,9
186,3
187,10
188,12
189,15
190,10
191,4
192,6
193,9
194,10
195,4
196,11
197,17
198,8
199,5
200,14
201,11
202,16
203,18
204,7
205,5
206,16
207,9
208,9
209,7
210,0
211,9
212,8
213,3
214,14
215,13
216,11
217,4
218,4
219,8
220,12
221,7
222,10
223,15
224,10
225,4
226,16
227,8
228,13
229,11
230,15
231,4
232,13
233,11
234,0
235,8
236,8
237,9
238,2
239,0
240,0
241,9
242,7
243,5
244,13
245,17
246,7
247,3
248,12
249,11
250,12
251,9
252,11
253,4
254,6
255,11
256,4
257,7
258,14
259,6
260,9
261,1
262,9
263,6
264,9
265,1
266,11
267,15
268,12
269,10
270,9
271,2
272,10
273,3
274,10
275,12
276,11
277,2
278,5
279,9
280,14
281,9
282,0
283,14
284,10
285,8
286,7
287,11
288,8
289,1
290,3
291,16
292,9
293,13
294,12
295,11
296,9
297,9
298,11
299,12
300,5
301,5
302,6
303,6
304,4
305,14
306,8
307,11
308,5
309,15
310,10
311,10
312,9
313,16
314,11
315,14
316,7
317,10
318,12
319,8
320,4
321,3
322,5
323,10
324,13
325,9
326,14
327,12
328,10
329,6
330,2
331,10
332,3
333,7
334,5
335,9
336,7
337,9
338,11
339,15
340,8
341,11
342,10
343,12
344,15
345,8
346,6
347,13
348,9
349,10
350,9
351,13
352,6
353,14
354,9
355,6
356,8
357,9
358,11
359,14
360,10
361,11
362,1
363,15
364,1
365,3
366,10
367,7
368,3
369,14
370,9
371,10
372,10
373,7
374,9
375,5
376,10
377,6
378,6
379,9
380,10
381,6
382,3
383,15
384,7
385,0
386,12
387,9
388,12
389,14
390,4
391,18
392,11
393,11
394,11
395,5
396,4
397,4
398,9
399,5
400,16
401,6
402,15
403,9
404,5
405,4
406,14
407,3
408,12
409,3
410,5
411,15
412,2
413,5
414,1
415,12
416,7
417,11
418,6
419,7
420,7
421,13
422,9
423,5
424,7
425,15
426,10
427,10
428,5
429,11
430,8
431,0
432,11
433,6
434,6
435,9
436,15
437,3
438,3
439,12
440,10
441,7
442,13
443,10
444,17
445,9
446,10
447,3
448,11
449,6
450,3
451,6
452,10
453,11
454,15
455,11
456,14
457,11
458,5
459,2
460,9
461,13
462,12
463,10
464,9
465,4
466,9
467,10
468,16
469,10
470,10
471,6
472,8
473,10
474,5
475,18
476,9
477,7
478,17
479,9
480,7
481,6
482,6
483,10
484,14
485,8
486,8
487,5
488,9
489,12
490,9
491,2
492,17
493,6
494,4
495,13
496,7
497,12
498,9
499,9
500,10
501,12
502,15
503,8
504,12
505,7
506,8
507,17
508,10
509,5
510,12
511,9
512,9
513,6
514,8
515,16
516,10
517,14
518,12
519,5
520,10
521,11
522,5
523,2
524,10
525,2
526,4
527,11
528,3
529,3
530,13
531,4
532,10
533,2
534,10
535,12
536,11
537,15
538,4
539,12
540,1
541,16
542,12
543,1
544,11
545,4
546,9
547,4
548,11
549,10
550,3
551,10
552,13
553,1
554,8
555,9
556,3
557,8
558,10
559,10
560,4
561,12
562,7
563,7
564,16
565,7
566,4
567,5
568,10
569,5
570,5
571,10
572,8
573,7
574,12
575,9
576,11
577,12
578,10
579,11
580,18
581,5
582,12
583,7
584,13
585,10
586,6
587,13
588,10
589,13
590,1
591,11
592,4
593,11
594,9
595,8
596,14
597,12
598,16
599,3
600,8
601,8
602,3
603,13
604,11
605,0
606,2
607,14
608,1
609,17
610,7
611,14
612,5
613,2
614,3
615,10
616,8
617,6
618,10
619,13
620,3
621,3
622,8
623,16
624,4
625,13
626,14
627,9
628,8
629,7
630,5
631,10
632,4
633,10
634,8
635,7
636,11
637,8
638,12
639,9
640,8
641,3
642,9
643,4
644,7
645,14
646,12
647,12
648,15
649,5
650,15
651,10
652,2
653,6
654,6
655,8
656,6
657,13
658,2
659,9
660,6
661,9
662,13
663,10
664,16
665,13
666,7
667,9
668,5
669,5
670,7
671,15
672,5
673,9
674,9
675,5
676,3
677,7
678,6
679,18
680,9
681,9
682,4
683,8
684,4
685,13
686,12
687,1
688,11
689,1
690,16
691,4
692,11
693,11
694,2
695,4
696,6
697,14
698,17
699,15
700,10
701,9
702,17
703,7
704,5
705,9
706,8
707,3
708,10
709,6
710,0
711,5
712,15
713,10
714,11
715,10
716,8
717,11
718,4
719,10
720,12
721,3
722,18
723,2
724,7
725,10
726,12
727,3
728,2
729,15
730,2
731,8
732,7
733,13
734,10
735,6
736,7
737,8
738,17
739,5
740,2
741,16
742,9
743,3
744,10
745,7
746,8
747,8
748,1
749,14
750,14
751,6
752,8
753,14
754,16
755,7
756,8
757,8
758,6
759,3
760,12
761,12
762,7
763,8
764,8
765,9
766,5
767,13
768,3
769,10
770,11
771,12
772,2
773,11
774,14
775,7
776,15
777,11
778,12
779,6
780,13
781,9
782,6
783,12
784,4
785,9
786,12
787,7
788,4
789,13
790,17
791,6
792,9
793,7
794,9
795,8
796,9
797,16
798,5
799,16
800,9
801,10
802,13
803,10
804,14
805,13
806,11
807,13
808,14
809,8
810,5
811,9
812,6
813,16
814,16
815,6
816,11
817,4
818,7
819,13
820,8
821,11
822,10
823,12
824,5
825,7
826,9
827,12
828,6
829,3
830,12
831,4
832,9
833,16
834,9
835,7
836,10
837,3
838,9
839,3
840,12
841,18
842,9
843,2
844,7
845,9
846,7
847,16
848,2
849,7
850,9
851,14
852,10
853,4
854,5
855,11
856,4
857,3
858,2
859,10
860,7
861,5
862,13
863,10
864,17
865,9
866,15
867,16
868,9
869,7
870,4
871,12
872,13
873,8
874,16
875,16
876,9
877,3
878,10
879,15
880,3
881,11
882,2
883,12
884,4
885,2
886,7
887,12
888,10
889,2
890,14
891,7
892,7
893,7
894,14
895,13
896,15
897,10
898,16
899,8
900,12
901,11
902,8
903,10
904,15
905,8
906,11
907,9
908,9
909,9
910,11
911,8
912,6
913,4
914,9
915,8
916,9
917,11
918,9
919,15
920,8
921,10
922,13
923,7
924,2
925,8
926,10
927,4
928,7
929,10
930,3
931,10
932,13
933,2
934,3
935,11
936,4
937,9
938,11
939,2
940,7
941,11
942,6
943,14
944,2
945,10
946,9
947,10
948,5
949,14
950,10
951,8
952,16
953,15
954,14
955,16
956,9
957,8
958,9
959,6
960,5
961,6
962,15
963,13
964,11
965,10
966,9
967,14
968,12
969,15
970,3
971,10
972,4
973,7
974,7
975,10
976,9
977,15
978,9
979,8
980,9
981,9
982,7
983,0
984,10
985,5
986,13
987,11
988,14
989,10
990,15
991,8
992,2
993,10
994,10
995,6
996,13
997,6
998,7
999,8
1000,9
1001,10
1002,5
1003,10
1004,10
1005,5
1006,5
1007,4
1008,6
1009,3
1010,6
1011,14
1012,7
1013,12
1014,16
1015,4
1016,17
1017,12
1018,9
1019,6
1020,5
1021,3
1022,8
1023,13
1024,14
1025,15
1026,9
1027,4
1028,11
1029,4
1030,3
1031,8
1032,4
1033,6
1034,12
1035,1
1036,7
1037,2
1038,8
1039,3
1040,6
1041,16
1042,14
1043,11
1044,10
1045,7
1046,8
1047,14
1048,14
1049,2
1050,7
1051,7
1052,10
1053,1
1054,9
1055,2
1056,7
1057,9
1058,10
1059,16
1060,8
1061,4
1062,1
1063,12
1064,4
1065,2
1066,13
1067,1
1068,9
1069,13
1070,10
1071,5
1072,8
1073,8
1074,9
1075,13
1076,4
1077,9
1078,12
1079,5
1080,11
1081,16
1082,8
1083,10
1084,11
1085,9
1086,7
1087,8
1088,12
1089,9
1090,1
1091,4
1092,1
1093,8
1094,18
1095,12
1096,11
1097,10
1098,15
1099,12
1100,9
1101,11
1102,9
1103,11
1104,12
1105,17
1106,6
1107,10
1108,13
1109,9
1110,14
1111,4
1112,8
1113,16
1114,4
1115,3
1116,8
1117,6
1118,8
1119,8
1120,12
1121,2
1122,9
1123,5
1124,12
1125,15
1126,4
1127,4
1128,6
1129,6
1130,6
1131,17
1132,4
1133,5
1134,4
1135,6
1136,3
1137,16
1138,7
1139,14
1140,2
1141,7
1142,15
1143,9
1144,9
1145,11
1146,9
1147,9
1148,11
1149,10
1150,5
1151,11
1152,8
1153,14
1154,16
1155,11
1156,13
1157,7
1158,9
1159,2
1160,4
1161,12
1162,17
1163,12
1164,12
1165,14
1166,7
1167,4
1168,10
1169,10
1170,8
1171,16
1172,11
1173,7
1174,2
1175,15
1176,9
1177,11
1178,7
1179,5
1180,9
1181,6
1182,10
1183,9
1184,9
1185,2
1186,10
1187,12
1188,11
1189,13
1190,11
1191,6
1192,10
1193,8
1194,13
1195,5
1196,2
1197,13
1198,10
1199,9
1200,3
1201,12
1202,17
1203,4
1204,8
1205,8
1206,17
1207,12
1208,15
1209,13
1210,5
1211,8
1212,2
1213,9
1214,5
1215,13
1216,9
1217,6
1218,6
1219,11
1220,12
1221,13
1222,6
1223,15
1224,9
1225,5
1226,4
1227,5
1228,13
1229,10
1230,14
1231,12
1232,2
1233,5
1234,7
1235,9
1236,9
1237,8
1238,11
1239,6
1240,9
1241,12
1242,2
1243,9
1244,7
1245,1
1246,8
1247,7
1248,4
1249,3
1250,11
1251,6
1252,18
1253,9
1254,12
1255,11
1256,11
1257,9
1258,8
1259,7
1260,10
1261,0
1262,13
1263,10
1264,8
1265,9
1266,7
1267,9
1268,12
1269,10
1270,11
1271,6
1272,16
1273,12
1274,9
1275,8
1276,7
1277,14
1278,11
1279,9
1280,9
1281,14
1282,2
1283,5
1284,16
1285,8
1286,5
1287,7
1288,8
1289,11
1290,8
1291,13
1292,12
1293,13
1294,9
1295,10
1296,15
1297,10
1298,14
1299,16
1300,12
1301,4
1302,9
1303,6
1304,9
1305,1
1306,15
1307,2
1308,3
1309,12
1310,8
1311,9
1312,8
1313,9
1314,7
1315,1
1316,0
1317,8
1318,10
1319,12
1320,2
1321,8
1322,5
1323,12
1324,14
1325,16
1326,8
1327,11
1328,7
1329,10
1330,12
1331,14
1332,15
1333,6
1334,8
1335,6
1336,10
1337,9
1338,7
1339,5
1340,9
1341,6
1342,3
1343,11
1344,11
1345,10
1346,2
1347,6
1348,10
1349,2
1350,14
1351,10
1352,5
1353,4
1354,11
1355,1
1356,10
1357,14
1358,9
1359,8
1360,15
1361,14
1362,10
1363,7
1364,9
1365,6
1366,4
1367,5
1368,15
1369,8
1370,11
1371,5
1372,5
1373,10
1374,5
1375,14
1376,8
1377,3
1378,14
1379,9
1380,12
1381,10
1382,5
1383,8
1384,16
1385,4
1386,7
1387,5
1388,6
1389,4
1390,1
1391,9
1392,14
1393,14
1394,8
1395,15
1396,5
1397,16
1398,2
1399,7
1400,10
1401,13
1402,12
1403,17
1404,17
1405,7
1406,12
1407,9
1408,9
1409,9
1410,8
1411,3
1412,1
1413,11
1414,11
1415,5
1416,13
1417,17
1418,6
1419,4
1420,5
1421,1
1422,8
1423,7
1424,15
1425,6
1426,10
1427,11
1428,13
1429,6
1430,10
1431,1
1432,8
1433,14
1434,8
1435,11
1436,6
1437,9
1438,7
1439,1
1440,17
1441,10
1442,7
1443,7
1444,6
1445,6
1446,16
1447,10
1448,10
1449,3
1450,3
1451,13
1452,6
1453,4
1454,13
1455,2
1456,9
1457,8
1458,8
1459,10
1460,8
1461,11
1462,3
1463,5
1464,9
1465,6
1466,6
1467,13
1468,10
1469,14
1470,10
1471,12
1472,4
1473,12
1474,11
1475,9
1476,6
1477,8
1478,8
1479,8
1480,15
1481,9
1482,8
1483,9
1484,3
1485,7
1486,13
1487,10
1488,7
1489,12
1490,2
1491,11
1492,16
1493,17
1494,11
1495,5
1496,17
1497,6
1498,10
1499,7
1500,7
1501,15
1502,15
1503,9
1504,5
1505,8
1506,8
1507,8
1508,7
1509,0
1510,12
1511,4
1512,7
1513,9
1514,12
1515,13
1516,5
1517,4
1518,12
1519,11
1520,4
1521,14
1522,3
1523,13
1524,2
1525,8
1526,9
1527,6
1528,10
1529,10
1530,7
1531,14
1532,5
1533,9
1534,3
1535,11
1536,12
1537,0
1538,10
1539,9
1540,9
1541,15
1542,4
1543,11
1544,8
1545,18
1546,15
1547,8
1548,5
1549,10
1550,15
1551,1
1552,3
1553,7
1554,3
1555,17
1556,10
1557,4
1558,15
1559,9
1560,4
1561,16
1562,14
1563,4
1564,2
1565,7
1566,8
1567,13
1568,14
1569,3
1570,4
1571,9
1572,11
1573,18
1574,9
1575,14
1576,2
1577,5
1578,2
1579,6
1580,10
1581,5
1582,16
1583,8
1584,7
1585,7
1586,6
1587,12
1588,14
1589,11
1590,13
1591,11
1592,12
1593,14
1594,12
1595,8
1596,13
1597,1
1598,13
1599,6
1600,10
1601,6
1602,7
1603,6
1604,9
1605,2
1606,7
1607,3
1608,3
1609,3
1610,3
1611,1
1612,14
1613,17
1614,13
1615,10
1616,17
1617,4
1618,3
1619,10
1620,1
1621,11
1622,12
1623,13
1624,18
1625,2
1626,10
1627,9
1628,4
1629,1
1630,15
1631,2
1632,8
1633,5
1634,10
1635,7
1636,9
1637,14
1638,10
1639,8
1640,16
1641,12
1642,13
1643,8
1644,4
1645,7
1646,18
1647,3
1648,1
1649,10
1650,10
1651,11
1652,12
1653,14
1654,1
1655,6
1656,3
1657,11
1658,7
1659,8
1660,13
1661,10
1662,10
1663,9
1664,3
1665,6
1666,17
1667,16
1668,9
1669,13
1670,14
1671,9
1672,6
1673,4
1674,12
1675,12
1676,12
1677,18
1678,13
1679,3
1680,9
1681,13
1682,6
1683,16
1684,7
1685,1
1686,13
1687,11
1688,6
1689,4
1690,15
1691,14
1692,7
1693,17
1694,4
1695,8
1696,9
1697,8
1698,9
1699,13
1700,3
1701,7
1702,11
1703,9
1704,8
1705,8
1706,1
1707,5
1708,13
1709,6
1710,10
1711,15
1712,10
1713,8
1714,12
1715,5
1716,5
1717,10
1718,13
1719,14
1720,10
1721,12
1722,7
1723,14
1724,9
1725,9
1726,3
1727,5
1728,9
1729,14
1730,10
1731,12
1732,9
1733,3
1734,12
1735,2
1736,8
1737,9
1738,15
1739,1
1740,11
1741,2
1742,8
1743,11
1744,7
1745,8
1746,17
1747,11
1748,11
1749,7
1750,8
1751,0
1752,1
1753,11
1754,2
1755,10
1756,15
1757,11
1758,13
1759,4
1760,10
1761,15
1762,2
1763,3
1764,3
1765,15
1766,3
1767,3
1768,2
1769,17
1770,3
1771,6
1772,11
1773,3
1774,15
1775,9
1776,12
1777,4
1778,5
1779,8
1780,14
1781,7
1782,12
1783,7
1784,8
1785,5
1786,7
1787,11
1788,8
1789,8
1790,11
1791,0
1792,11
1793,10
1794,17
1795,10
1796,8
1797,4
1798,2
1799,7
1800,14
1801,13
1802,3
1803,11
1804,8
1805,14
1806,11
1807,7
1808,6
1809,3
1810,3
1811,4
1812,8
1813,8
1814,9
1815,8
1816,9
1817,12
1818,6
1819,10
1820,3
1821,17
1822,8
1823,8
1824,12
1825,12
1826,9
1827,14
1828,6
1829,10
1830,5
1831,7
1832,9
1833,3
1834,7
1835,2
1836,15
1837,12
1838,14
1839,16
1840,4
1841,9
1842,10
1843,10
1844,10
1845,3
1846,15
1847,10
1848,14
1849,5
1850,4
1851,17
1852,10
1853,9
1854,12
1855,7
1856,10
1857,2
1858,6
1859,7
1860,3
1861,4
1862,12
1863,5
1864,17
1865,10
1866,7
1867,10
1868,6
1869,6
1870,15
1871,4
1872,10
1873,6
1874,10
1875,14
1876,13
1877,6
1878,3
1879,8
1880,9
1881,4
1882,8
1883,11
1884,4
1885,10
1886,17
1887,5
1888,15
1889,3
1890,4
1891,10
1892,1
1893,13
1894,18
1895,10
1896,6
1897,10
1898,6
1899,5
1900,11
1901,4
1902,4
1903,15
1904,6
1905,9
1906,11
1907,15
1908,15
1909,8
1910,6
1911,8
1912,11
1913,15
1914,10
1915,16
1916,7
1917,10
1918,15
1919,6
1920,9
1921,11
1922,13
1923,1
1924,7
1925,7
1926,3
1927,16
1928,16
1929,5
1930,13
1931,9
1932,12
1933,14
1934,1
1935,9
1936,14
1937,5
1938,10
1939,12
1940,9
1941,11
1942,13
1943,15
1944,13
1945,12
1946,3
1947,13
1948,12
1949,11
1950,7
1951,16
1952,10
1953,4
1954,9
1955,13
1956,14
1957,8
1958,5
1959,11
1960,8
1961,10
1962,9
1963,9
1964,11
1965,12
1966,14
1967,12
1968,11
1969,14
1970,5
1971,12
1972,9
1973,12
1974,5
1975,4
1976,7
1977,8
1978,8
1979,11
1980,11
1981,14
1982,8
1983,12
1984,11
1985,14
1986,8
1987,9
1988,11
1989,12
1990,11
1991,13
1992,8
1993,14
1994,12
1995,3
1996,3
1997,5
1998,7
1999,8
2000,14
2001,5
2002,8
2003,12
2004,10
2005,16
2006,11
2007,13
2008,14
2009,9
2010,9
2011,8
2012,11
2013,2
2014,10
2015,15
2016,1
2017,14
2018,14
2019,17
2020,1
2021,13
2022,1
2023,5
2024,1
2025,9
2026,7
2027,8
2028,13
2029,14
2030,11
2031,9
2032,10
2033,10
2034,5
2035,10
2036,11
2037,6
2038,12
2039,6
2040,10
2041,9
2042,7
2043,2
2044,6
2045,9
2046,5
2047,4
2048,1
2049,9
2050,13
2051,8
2052,16
2053,15
2054,6
2055,13
2056,9
2057,7
2058,4
2059,11
2060,3
2061,1
2062,3
2063,3
2064,8
2065,6
2066,15
2067,3
2068,17
2069,11
2070,4
2071,12
2072,4
2073,11
2074,11
2075,12
2076,10
2077,10
2078,1
2079,10
2080,6
2081,10
2082,8
2083,4
2084,9
2085,9
2086,8
2087,1
2088,10
2089,17
2090,11
2091,6
2092,11
2093,11
2094,7
2095,10
2096,5
2097,16
2098,9
2099,15
2100,9
2101,6
2102,6
2103,6
2104,12
2105,12
2106,6
2107,11
2108,7
2109,8
2110,9
2111,6
2112,17
2113,13
2114,3
2115,4
2116,11
2117,5
2118,3
2119,1
2120,10
2121,14
2122,5
2123,10
2124,12
2125,15
2126,9
2127,2
2128,15
2129,3
2130,11
2131,11
2132,7
2133,9
2134,14
2135,15
2136,5
2137,11
2138,11
2139,4
2140,15
2141,10
2142,14
2143,8
2144,1
2145,8
2146,18
2147,10
2148,9
2149,0
2150,13
2151,9
2152,3
2153,10
2154,6
2155,8
2156,3
2157,8
2158,13
2159,8
2160,12
2161,7
2162,7
2163,4
2164,9
2165,13
2166,10
2167,15
2168,0
2169,3
2170,14
2171,15
2172,7
2173,5
2174,17
2175,8
2176,11
2177,12
2178,7
2179,10
2180,13
2181,14
2182,8
2183,8
2184,10
2185,11
2186,8
2187,3
2188,6
2189,1
2190,12
2191,6
2192,10
2193,4
2194,14
2195,15
2196,12
2197,4
2198,9
2199,11
2200,8
2201,9
2202,10
2203,7
2204,9
2205,8
2206,12
2207,3
2208,6
2209,9
2210,3
2211,11
2212,4
2213,16
2214,8
2215,12
2216,13
2217,9
2218,12
2219,11
2220,10
2221,7
2222,11
2223,6
2224,14
2225,15
2226,2
2227,10
2228,8
2229,6
2230,12
2231,10
2232,10
2233,8
2234,11
2235,5
2236,15
2237,0
2238,6
2239,10
2240,4
2241,12
2242,6
2243,7
2244,14
2245,15
2246,6
2247,13
2248,8
2249,13
2250,6
2251,9
2252,16
2253,12
2254,12
2255,17
2256,5
2257,9
2258,17
2259,9
2260,9
2261,6
2262,7
2263,13
2264,9
2265,6
2266,9
2267,12
2268,7
2269,1
2270,18
2271,10
2272,8
2273,4
2274,11
2275,9
2276,9
2277,7
2278,14
2279,5
2280,11
2281,13
2282,8
2283,12
2284,13
2285,12
2286,6
2287,1
2288,18
2289,9
2290,9
2291,8
2292,2
2293,11
2294,5
2295,11
2296,12
2297,4
2298,9
2299,4
2300,9
2301,2
2302,8
2303,6
2304,11
2305,9
2306,17
2307,7
2308,14
2309,8
2310,17
2311,5
2312,6
2313,11
2314,13
2315,8
2316,12
2317,10
2318,12
2319,9
2320,5
2321,12
2322,11
2323,16
2324,12
2325,6
2326,16
2327,13
2328,15
2329,9
2330,2
2331,13
2332,7
2333,9
2334,12
2335,7
2336,15
2337,10
2338,8
2339,10
2340,9
2341,9
2342,6
2343,9
2344,14
2345,10
2346,11
2347,5
2348,4
2349,4
2350,4
2351,16
2352,2
2353,18
2354,3
2355,16
2356,3
2357,14
2358,4
2359,11
2360,15
2361,11
2362,14
2363,7
2364,7
2365,9
2366,11
2367,12
2368,7
2369,8
2370,4
2371,15
2372,6
2373,5
2374,12
2375,6
2376,9
2377,13
2378,15
2379,13
2380,6
2381,2
2382,8
2383,12
2384,7
2385,9
2386,14
2387,6
2388,7
2389,5
2390,18
2391,10
2392,12
2393,7
2394,8
2395,6
2396,9
2397,4
2398,12
2399,12
2400,16
2401,10
2402,12
2403,6
2404,13
2405,11
2406,9
2407,7
2408,12
2409,4
2410,12
2411,5
2412,16
2413,9
2414,4
2415,9
2416,11
2417,7
2418,17
2419,11
2420,6
2421,13
2422,1
2423,16
2424,5
2425,10
2426,9
2427,9
2428,10
2429,15
2430,6
2431,7
2432,12
2433,11
2434,18
2435,5
2436,9
2437,3
2438,9
2439,8
2440,1
2441,9
2442,9
2443,4
2444,4
2445,10
2446,8
2447,7
2448,9
2449,16
2450,8
2451,3
2452,9
2453,16
2454,6
2455,15
2456,1
2457,9
2458,5
2459,14
2460,1
2461,6
2462,6
2463,13
2464,16
2465,11
2466,10
2467,15
2468,12
2469,8
2470,12
2471,5
2472,5
2473,3
2474,10
2475,14
2476,9
2477,12
2478,2
2479,9
2480,8
2481,2
2482,4
2483,7
2484,12
2485,6
2486,11
2487,2
2488,7
2489,17
2490,6
2491,13
2492,16
2493,15
2494,9
2495,9
2496,1
2497,4
2498,5
2499,7
2500,3
2501,7
2502,6
2503,10
2504,7
2505,9
2506,12
2507,8
2508,9
2509,16
2510,2
2511,8
2512,10
2513,10
2514,6
2515,8
2516,4
2517,6
2518,16
2519,12
2520,9
2521,3
2522,14
2523,5
2524,2
2525,3
2526,14
2527,1
2528,11
2529,12
2530,1
2531,5
2532,12
2533,17
2534,13
2535,7
2536,6
2537,4
2538,4
2539,11
2540,5
2541,15
2542,17
2543,13
2544,5
2545,10
2546,9
2547,9
2548,3
2549,8
2550,6
2551,8
2552,15
2553,1
2554,10
2555,3
2556,12
2557,8
2558,10
2559,10
2560,11
2561,2
2562,10
2563,9
2564,11
2565,9
2566,2
2567,17
2568,5
2569,2
2570,8
2571,10
2572,3
2573,6
2574,9
2575,5
2576,5
2577,9
2578,1
2579,5
2580,12
2581,5
2582,12
2583,9
2584,9
2585,11
2586,7
2587,5
2588,10
2589,12
2590,9
2591,16
2592,8
2593,10
2594,14
2595,6
2596,4
2597,10
2598,10
2599,12
2600,8
2601,16
2602,4
2603,2
2604,5
2605,13
2606,5
2607,7
2608,11
2609,7
2610,4
2611,9
2612,4
2613,10
2614,10
2615,13
2616,7
2617,13
2618,5
2619,6
2620,3
2621,7
2622,13
2623,13
2624,12
2625,9
2626,14
2627,13
2628,14
2629,15
2630,1
2631,8
2632,10
2633,13
2634,6
2635,7
2636,11
2637,6
2638,12
2639,7
2640,14
2641,6
2642,2
2643,8
2644,14
2645,13
2646,7
2647,8
2648,6
2649,11
2650,8
2651,5
2652,3
2653,10
2654,11
2655,8
2656,10
2657,9
2658,8
2659,4
2660,6
2661,5
2662,17
2663,5
2664,7
2665,5
2666,7
2667,10
2668,13
2669,8
2670,5
2671,5
2672,6
2673,8
2674,8
2675,14
2676,8
2677,14
2678,13
2679,0
2680,15
2681,9
2682,15
2683,13
2684,15
2685,5
2686,4
2687,13
2688,15
2689,4
2690,9
2691,8
2692,5
2693,13
2694,17
2695,16
2696,4
2697,10
2698,6
2699,3
2700,14
2701,14
2702,12
2703,8
2704,3
2705,13
2706,10
2707,15
2708,9
2709,14
2710,7
2711,12
2712,8
2713,7
2714,9
2715,10
2716,6
2717,14
2718,2
2719,2
2720,4
2721,14
2722,13
2723,7
2724,18
2725,13
2726,8
2727,6
2728,11
2729,7
2730,7
2731,5
2732,8
2733,8
2734,12
2735,8
2736,12
2737,5
2738,10
2739,10
2740,7
2741,13
2742,4
2743,17
2744,5
2745,14
2746,16
2747,9
2748,4
2749,11
2750,10
2751,6
2752,5
2753,11
2754,17
2755,12
2756,2
2757,8
2758,4
2759,9
2760,6
2761,8
2762,4
2763,11
2764,0
2765,9
2766,13
2767,1
2768,8
2769,3
2770,10
2771,14
2772,8
2773,15
2774,1
2775,8
2776,11
2777,8
2778,11
2779,6
2780,8
2781,5
2782,9
2783,6
2784,10
2785,9
2786,9
2787,10
2788,10
2789,7
2790,9
2791,14
2792,6
2793,10
2794,13
2795,3
2796,15
2797,6
2798,8
2799,7
2800,15
2801,11
2802,1
2803,3
2804,4
2805,8
2806,10
2807,10
2808,0
2809,7
2810,7
2811,2
2812,17
2813,5
2814,14
2815,3
2816,5
2817,7
2818,18
2819,12
2820,6
2821,13
2822,10
2823,0
2824,3
2825,15
2826,16
2827,14
2828,4
2829,10
2830,13
2831,11
2832,3
2833,13
2834,7
2835,10
2836,9
2837,5
2838,10
2839,9
2840,2
2841,6
2842,14
2843,6
2844,0
2845,5
2846,8
2847,4
2848,3
2849,16
2850,16
2851,12
2852,6
2853,15
2854,9
2855,11
2856,8
2857,6
2858,8
2859,4
2860,3
2861,3
2862,7
2863,7
2864,6
2865,14
2866,9
2867,5
2868,12
2869,12
2870,15
2871,12
2872,11
2873,9
2874,10
2875,7
2876,9
2877,14
2878,7
2879,10
2880,3
2881,5
2882,7
2883,11
2884,4
2885,14
2886,8
2887,10
2888,14
2889,10
2890,9
2891,8
2892,16
2893,7
2894,10
2895,8
2896,16
2897,14
2898,5
2899,2
2900,16
2901,13
2902,9
2903,17
2904,11
2905,14
2906,10
2907,8
2908,12
2909,6
2910,10
2911,12
2912,8
2913,6
2914,6
2915,10
2916,7
2917,10
2918,4
2919,4
2920,8
2921,9
2922,11
2923,13
2924,4
2925,10
2926,10
2927,14
2928,12
2929,12
2930,10
2931,9
2932,12
2933,12
2934,8
2935,7
2936,5
2937,17
2938,16
2939,13
2940,9
2941,16
2942,6
2943,10
2944,5
2945,11
2946,11
2947,15
2948,4
2949,6
2950,8
2951,11
2952,7
2953,7
2954,13
2955,14
2956,15
2957,15
2958,11
2959,7
2960,9
2961,12
2962,11
2963,7
2964,12
2965,4
2966,4
2967,5
2968,11
2969,3
2970,11
2971,15
2972,12
2973,6
2974,11
2975,10
2976,7
2977,13
2978,7
2979,11
2980,9
2981,9
2982,9
2983,9
2984,11
2985,8
2986,9
2987,3
2988,3
2989,9
2990,17
2991,11
2992,6
2993,3
2994,14
2995,12
2996,8
2997,0
2998,13
2999,9
3000,13
3001,10
3002,6
3003,4
3004,9
3005,6
3006,10
3007,10
3008,9
3009,5
3010,10
3011,16
3012,5
3013,16
3014,9
3015,6
3016,11
3017,8
3018,18
3019,14
3020,11
3021,5
3022,7
3023,11
3024,11
3025,6
3026,8
3027,2
3028,13
3029,14
3030,10
3031,11
3032,10
3033,10
3034,9
3035,6
3036,15
3037,18
3038,6
3039,13
3040,14
3041,7
3042,9
3043,5
3044,12
3045,4
3046,3
3047,3
3048,3
3049,6
3050,14
3051,3
3052,11
3053,15
3054,6
3055,8
3056,8
3057,11
3058,8
3059,14
3060,13
3061,12
3062,8
3063,9
3064,15
3065,4
3066,8
3067,5
3068,11
3069,11
3070,8
3071,13
3072,5
3073,10
3074,5
3075,3
3076,4
3077,4
3078,15
3079,7
3080,10
3081,6
3082,4
3083,6
3084,14
3085,9
3086,18
3087,8
3088,8
3089,12
3090,11
3091,2
3092,13
3093,12
3094,11
3095,3
3096,6
3097,8
3098,9
3099,16
3100,1
3101,8
3102,8
3103,2
3104,11
3105,5
3106,14
3107,4
3108,10
3109,15
3110,0
3111,10
3112,15
3113,10
3114,12
3115,13
3116,3
3117,15
3118,15
3119,13
3120,1
3121,4
3122,7
3123,8
3124,8
3125,9
3126,3
3127,6
3128,9
3129,12
3130,9
3131,9
3132,13
3133,5
3134,4
3135,6
3136,7
3137,2
3138,14
3139,7
3140,9
3141,13
3142,6
3143,5
3144,12
3145,8
3146,7
3147,5
3148,12
3149,12
3150,5
3151,9
3152,14
3153,9
3154,15
3155,10
3156,10
3157,16
3158,2
3159,8
3160,13
3161,6
3162,10
3163,16
3164,9
3165,3
3166,10
3167,16
3168,11
3169,10
3170,8
3171,11
3172,9
3173,10
3174,7
3175,3
3176,9
3177,8
3178,15
3179,13
3180,11
3181,12
3182,10
3183,8
3184,9
3185,4
3186,10
3187,8
3188,14
3189,16
3190,16
3191,7
3192,12
3193,8
3194,2
3195,3
3196,6
3197,11
3198,8
3199,8
3200,16
3201,9
3202,10
3203,8
3204,10
3205,7
3206,6
3207,6
3208,5
3209,10
3210,6
3211,13
3212,12
3213,6
3214,10
3215,15
3216,5
3217,9
3218,13
3219,6
3220,9
3221,8
3222,3
3223,7
3224,17
3225,11
3226,0
3227,10
3228,5
3229,8
3230,13
3231,12
3232,8
3233,4
3234,8
3235,6
3236,9
3237,15
3238,11
3239,14
3240,16
3241,13
3242,16
3243,11
3244,7
3245,7
3246,13
3247,13
3248,14
3249,2
3250,1
3251,5
3252,6
3253,11
3254,11
3255,8
3256,6
3257,15
3258,12
3259,13
3260,2
3261,6
3262,11
3263,13
3264,15
3265,8
3266,17
3267,2
3268,3
3269,9
3270,7
3271,9
3272,4
3273,9
3274,4
3275,8
3276,10
3277,11
3278,7
3279,17
3280,15
3281,2
3282,5
3283,6
3284,9
3285,11
3286,2
3287,8
3288,8
3289,11
3290,9
3291,12
3292,15
3293,13
3294,6
3295,15
3296,10
3297,5
3298,15
3299,11
3300,3
3301,3
3302,4
3303,14
3304,8
3305,15
3306,11
3307,8
3308,10
3309,13
3310,13
3311,11
3312,1
3313,8
3314,4
3315,3
3316,1
3317,4
3318,17
3319,15
3320,7
3321,4
3322,11
3323,10
3324,13
3325,2
3326,17
3327,6
3328,9
3329,0
3330,11
3331,17
3332,11
3333,16
3334,15
3335,14
3336,11
3337,6
3338,6
3339,9
3340,1
3341,16
3342,2
3343,5
3344,14
3345,11
3346,15
3347,4
3348,15
3349,11
3350,13
3351,3
3352,8
3353,10
3354,9
3355,0
3356,12
3357,7
3358,15
3359,1
3360,7
3361,6
3362,12
3363,7
3364,10
3365,17
3366,7
3367,8
3368,12
3369,8
3370,4
3371,7
3372,11
3373,11
3374,8
3375,6
3376,3
3377,4
3378,16
3379,5
3380,6
3381,14
3382,12
3383,6
3384,11
3385,10
3386,16
3387,13
3388,4
3389,11
3390,5
3391,9
3392,8
3393,11
3394,16
3395,12
3396,6
3397,7
3398,4
3399,3
3400,9
3401,1
3402,14
3403,10
3404,16
3405,9
3406,15
3407,9
3408,8
3409,6
3410,9
3411,10
3412,5
3413,17
3414,11
3415,9
3416,13
3417,13
3418,15
3419,6
3420,7
3421,5
3422,13
3423,12
3424,12
3425,9
3426,8
3427,4
3428,4
3429,9
3430,11
3431,16
3432,12
3433,8
3434,7
3435,6
3436,5
3437,11
3438,8
3439,9
3440,5
3441,9
3442,15
3443,6
3444,8
3445,11
3446,4
3447,7
3448,11
3449,10
3450,14
3451,11
3452,16
3453,17
3454,13
3455,15
3456,13
3457,10
3458,10
3459,7
3460,5
3461,1
3462,12
3463,10
3464,11
3465,8
3466,10
3467,11
3468,5
3469,12
3470,2
3471,12
3472,1
3473,15
3474,9
3475,14
3476,2
3477,10
3478,8
3479,1
3480,8
3481,2
3482,8
3483,9
3484,9
3485,7
3486,3
3487,13
3488,12
3489,13
3490,15
3491,9
3492,7
3493,12
3494,10
3495,4
3496,8
3497,3
3498,10
3499,18
3500,2
3501,9
3502,9
3503,11
3504,9
3505,1
3506,9
3507,9
3508,12
3509,11
3510,7
3511,10
3512,7
3513,5
3514,11
3515,18
3516,11
3517,17
3518,5
3519,12
3520,6
3521,3
3522,15
3523,17
3524,11
3525,12
3526,3
3527,9
3528,6
3529,9
3530,12
3531,14
3532,6
3533,8
3534,5
3535,11
3536,9
3537,6
3538,9
3539,14
3540,11
3541,12
3542,13
3543,4
3544,16
3545,10
3546,0
3547,11
3548,12
3549,10
3550,8
3551,9
3552,11
3553,10
3554,11
3555,4
3556,17
3557,11
3558,13
3559,6
3560,4
3561,12
3562,1
3563,8
3564,14
3565,7
3566,7
3567,9
3568,15
3569,11
3570,14
3571,5
3572,12
3573,12
3574,8
3575,11
3576,10
3577,12
3578,3
3579,12
3580,15
3581,6
3582,7
3583,14
3584,7
3585,7
3586,3
3587,15
3588,4
3589,12
3590,18
3591,9
3592,7
3593,6
3594,5
3595,8
3596,8
3597,15
3598,9
3599,13
3600,10
3601,10
3602,7
3603,5
3604,14
3605,15
3606,5
3607,9
3608,2
3609,11
3610,6
3611,10
3612,7
3613,9
3614,4
3615,3
3616,11
3617,15
3618,2
3619,12
3620,6
3621,7
3622,10
3623,13
3624,12
3625,17
3626,16
3627,4
3628,8
3629,1
3630,10
3631,13
3632,8
3633,16
3634,9
3635,9
3636,9
3637,10
3638,0
3639,7
3640,5
3641,13
3642,9
3643,13
3644,6
3645,4
3646,9
3647,10
3648,14
3649,16
3650,9
3651,8
3652,16
3653,9
3654,1
3655,8
3656,5
3657,12
3658,3
3659,9
3660,7
3661,13
3662,14
3663,5
3664,10
3665,16
3666,11
3667,5
3668,8
3669,3
3670,2
3671,5
3672,2
3673,9
3674,12
3675,10
3676,2
3677,2
3678,6
3679,7
3680,15
3681,12
3682,4
3683,11
3684,10
3685,11
3686,7
3687,9
3688,10
3689,11
3690,16
3691,10
3692,10
3693,4
3694,10
3695,9
3696,11
3697,11
3698,13
3699,8
3700,9
3701,11
3702,8
3703,8
3704,9
3705,5
3706,9
3707,12
3708,16
3709,11
3710,9
3711,2
3712,9
3713,5
3714,4
3715,9
3716,4
3717,7
3718,9
3719,6
3720,4
3721,2
3722,1
3723,13
3724,12
3725,12
3726,7
3727,8
3728,4
3729,14
3730,6
3731,12
3732,16
3733,12
3734,10
3735,12
3736,6
3737,11
3738,9
3739,12
3740,3
3741,5
3742,6
3743,5
3744,8
3745,5
3746,1
3747,10
3748,7
3749,11
3750,12
3751,9
3752,8
3753,15
3754,14
3755,12
3756,10
3757,13
3758,13
3759,6
3760,2
3761,5
3762,10
3763,11
3764,3
3765,4
3766,17
3767,1
3768,12
3769,5
3770,9
3771,11
3772,10
3773,9
3774,10
3775,7
3776,8
3777,3
3778,11
3779,3
3780,10
3781,4
3782,12
3783,16
3784,16
3785,14
3786,8
3787,9
3788,3
3789,11
3790,11
3791,10
3792,9
3793,12
3794,1
3795,9
3796,5
3797,2
3798,2
3799,14
3800,8
3801,0
3802,14
3803,6
3804,1
3805,1
3806,2
3807,6
3808,1
3809,6
3810,8
3811,14
3812,9
3813,12
3814,9
3815,7
3816,11
3817,12
3818,8
3819,8
3820,1
3821,14
3822,18
3823,13
3824,14
3825,16
3826,5
3827,14
3828,15
3829,10
3830,5
3831,10
3832,12
3833,8
3834,3
3835,12
3836,6
3837,10
3838,7
3839,8
3840,7
3841,5
3842,15
3843,3
3844,13
3845,16
3846,12
3847,7
3848,1
3849,9
3850,4
3851,9
3852,17
3853,14
3854,7
3855,1
3856,12
3857,13
3858,13
3859,8
3860,13
3861,8
3862,9
3863,13
3864,10
3865,8
3866,5
3867,6
3868,4
3869,9
3870,8
3871,4
3872,13
3873,6
3874,7
3875,9
3876,13
3877,15
3878,4
3879,7
3880,11
3881,4
3882,15
3883,14
3884,6
3885,17
3886,10
3887,9
3888,10
3889,12
3890,9
3891,11
3892,9
3893,10
3894,10
3895,16
3896,3
3897,9
3898,4
3899,3
3900,12
3901,5
3902,12
3903,9
3904,10
3905,12
3906,4
3907,9
3908,10
3909,6
3910,11
3911,11
3912,10
3913,8
3914,15
3915,13
3916,17
3917,8
3918,16
3919,11
3920,9
3921,13
3922,6
3923,15
3924,5
3925,6
3926,8
3927,12
3928,11
3929,10
3930,13
3931,10
3932,14
3933,10
3934,1
3935,8
3936,14
3937,12
3938,7
3939,9
3940,10
3941,11
3942,8
3943,10
3944,4
3945,7
3946,13
3947,14
3948,10
3949,3
3950,10
3951,11
3952,11
3953,1
3954,7
3955,10
3956,6
3957,12
3958,9
3959,9
3960,3
3961,9
3962,6
3963,12
3964,12
3965,6
3966,10
3967,16
3968,2
3969,9
3970,5
3971,10
3972,6
3973,10
3974,10
3975,10
3976,13
3977,11
3978,5
3979,4
3980,10
3981,2
3982,3
3983,16
3984,4
3985,4
3986,6
3987,15
3988,12
3989,6
3990,16
3991,6
3992,14
3993,5
3994,9
3995,4
3996,12
3997,15
3998,18
3999,9
4000,13
4001,5
4002,2
4003,1
4004,2
4005,8
4006,6
4007,7
4008,9
4009,5
4010,11
4011,7
4012,2
4013,9
4014,10
4015,10
4016,7
4017,15
4018,13
4019,8
4020,4
4021,8
4022,12
4023,7
4024,15
4025,6
4026,4
4027,10
4028,12
4029,5
4030,5
4031,18
4032,3
4033,10
4034,17
4035,8
4036,4
4037,4
4038,10
4039,14
4040,14
4041,8
4042,10
4043,17
4044,6
4045,11
4046,15
4047,10
4048,9
4049,9
4050,12
4051,10
4052,8
4053,7
4054,6
4055,7
4056,4
4057,1
4058,9
4059,1
4060,10
4061,4
4062,9
4063,5
4064,15
4065,7
4066,11
4067,16
4068,9
4069,6
4070,7
4071,7
4072,6
4073,11
4074,6
4075,12
4076,10
4077,7
4078,2
4079,5
4080,12
4081,11
4082,15
4083,13
4084,8
4085,4
4086,10
4087,8
4088,15
4089,5
4090,15
4091,13
4092,13
4093,5
4094,3
4095,17
4096,3
4097,9
4098,11
4099,10
4100,6
4101,14
4102,2
4103,6
4104,18
4105,7
4106,3
4107,10
4108,2
4109,9
4110,2
4111,14
4112,5
4113,4
4114,17
4115,4
4116,4
4117,10
4118,9
4119,8
4120,9
4121,9
4122,10
4123,13
4124,10
4125,10
4126,5
4127,12
4128,13
4129,13
4130,3
4131,4
4132,10
4133,11
4134,3
4135,16
4136,8
4137,3
4138,10
4139,16
4140,8
4141,0
4142,11
4143,14
4144,12
4145,3
4146,4
4147,11
4148,8
4149,6
4150,5
4151,6
4152,5
4153,0
4154,6
4155,3
4156,5
4157,8
4158,3
4159,10
4160,6
4161,7
4162,10
4163,9
4164,14
4165,3
4166,15
4167,11
4168,10
4169,9
4170,9
4171,13
4172,10
4173,2
4174,16
4175,14
4176,18
4177,1
4178,7
4179,18
4180,8
4181,6
4182,9
4183,5
4184,3
4185,11
4186,8
4187,11
4188,16
4189,5
4190,4
4191,6
4192,7
4193,2
4194,5
4195,8
4196,4
4197,0
4198,16
4199,13
4200,2
4201,3
4202,6
4203,7
4204,8
4205,8
4206,10
4207,10
4208,8
4209,8
4210,14
4211,9
4212,12
4213,12
4214,3
4215,12
4216,15
4217,16
4218,9
4219,11
4220,5
4221,12
4222,9
4223,16
4224,6
4225,8
4226,13
4227,10
4228,11
4229,14
4230,6
4231,15
4232,4
4233,10
4234,5
4235,18
4236,14
4237,13
4238,8
4239,7
4240,12
4241,7
4242,6
4243,8
4244,5
4245,13
4246,9
4247,12
4248,7
4249,7
4250,12
4251,9
4252,7
4253,12
4254,8
4255,13
4256,9
4257,12
4258,11
4259,15
4260,5
4261,4
4262,12
4263,11
4264,4
4265,11
4266,9
4267,16
4268,2
4269,4
4270,10
4271,9
4272,3
4273,0
4274,11
4275,10
4276,9
4277,10
4278,10
4279,2
4280,7
4281,9
4282,9
4283,10
4284,16
4285,13
4286,16
4287,8
4288,2
4289,16
4290,13
4291,11
4292,16
4293,15
4294,10
4295,11
4296,10
4297,9
4298,6
4299,8
4300,2
4301,14
4302,14
4303,10
4304,15
4305,3
4306,6
4307,9
4308,14
4309,7
4310,6
4311,9
4312,3
4313,4
4314,13
4315,6
4316,1
4317,14
4318,10
4319,8
4320,6
4321,7
4322,7
4323,9
4324,7
4325,8
4326,12
4327,13
4328,11
4329,13
4330,12
4331,13
4332,9
4333,14
4334,4
4335,7
4336,16
4337,2
4338,12
4339,14
4340,16
4341,1
4342,6
4343,15
4344,6
4345,10
4346,9
4347,12
4348,7
4349,8
4350,15
4351,11
4352,2
4353,11
4354,12
4355,10
4356,11
4357,15
4358,8
4359,10
4360,7
4361,14
4362,9
4363,10
4364,14
4365,11
4366,5
4367,17
4368,5
4369,13
4370,10
4371,12
4372,4
4373,0
4374,6
4375,8
4376,7
4377,10
4378,7
4379,8
4380,11
4381,9
4382,12
4383,5
4384,14
4385,0
4386,9
4387,5
4388,7
4389,4
4390,8
4391,3
4392,4
4393,2
4394,3
4395,10
4396,1
4397,9
4398,8
4399,4
4400,5
4401,10
4402,10
4403,9
4404,11
4405,11
4406,18
4407,15
4408,8
4409,9
4410,2
4411,14
4412,4
4413,2
4414,5
4415,11
4416,4
4417,3
4418,9
4419,7
4420,12
4421,6
4422,14
4423,5
4424,10
4425,5
4426,11
4427,9
4428,9
4429,7
4430,13
4431,12
4432,8
4433,12
4434,7
4435,2
4436,7
4437,6
4438,12
4439,9
4440,7
4441,1
4442,10
4443,2
4444,10
4445,12
4446,13
4447,12
4448,3
4449,8
4450,11
4451,4
4452,10
4453,15
4454,12
4455,2
4456,7
4457,12
4458,18
4459,17
4460,4
4461,3
4462,9
4463,12
4464,12
4465,4
4466,11
4467,3
4468,13
4469,10
4470,4
4471,9
4472,4
4473,17
4474,8
4475,2
4476,14
4477,12
4478,8
4479,10
4480,6
4481,3
4482,5
4483,8
4484,6
4485,1
4486,11
4487,9
4488,2
4489,7
4490,12
4491,11
4492,0
4493,9
4494,14
4495,10
4496,4
4497,1
4498,10
4499,8
4500,5
4501,7
4502,13
4503,9
4504,4
4505,8
4506,4
4507,11
4508,5
4509,6
4510,5
4511,12
4512,13
4513,15
4514,6
4515,10
4516,9
4517,16
4518,4
4519,5
4520,13
4521,7
4522,8
4523,12
4524,13
4525,7
4526,14
4527,18
4528,8
4529,15
4530,10
4531,12
4532,16
4533,1
4534,11
4535,3
4536,9
4537,10
4538,8
4539,9
4540,7
4541,12
4542,3
4543,13
4544,10
4545,10
4546,7
4547,7
4548,8
4549,5
4550,15
4551,7
4552,0
4553,2
4554,7
4555,11
4556,14
4557,6
4558,5
4559,8
4560,13
4561,7
4562,7
4563,11
4564,1
4565,10
4566,5
4567,11
4568,10
4569,1
4570,7
4571,7
4572,13
4573,6
4574,13
4575,10
4576,6
4577,13
4578,5
4579,16
4580,9
4581,6
4582,15
4583,8
4584,5
4585,4
4586,3
4587,6
4588,7
4589,13
4590,13
4591,14
4592,15
4593,7
4594,12
4595,10
4596,0
4597,17
4598,17
4599,7
4600,5
4601,11
4602,6
4603,12
4604,8
4605,13
4606,10
4607,8
4608,9
4609,12
4610,10
4611,8
4612,5
4613,5
4614,9
4615,7
4616,6
4617,10
4618,14
4619,9
4620,8
4621,6
4622,11
4623,10
4624,15
4625,11
4626,3
4627,1
4628,5
4629,13
4630,13
4631,8
4632,13
4633,11
4634,8
4635,2
4636,7
4637,8
4638,10
4639,8
4640,8
4641,8
4642,9
4643,10
4644,5
4645,4
4646,9
4647,7
4648,8
4649,14
4650,2
4651,14
4652,11
4653,16
4654,1
4655,2
4656,10
4657,14
4658,10
4659,6
4660,15
4661,10
4662,15
4663,15
4664,2
4665,2
4666,12
4667,9
4668,5
4669,11
4670,14
4671,13
4672,5
4673,11
4674,10
4675,11
4676,10
4677,3
4678,10
4679,12
4680,9
4681,6
4682,16
4683,15
4684,17
4685,13
4686,10
4687,4
4688,4
4689,4
4690,6
4691,12
4692,10
4693,10
4694,4
4695,10
4696,8
4697,5
4698,4
4699,11
4700,10
4701,15
4702,3
4703,12
4704,13
4705,3
4706,8
4707,15
4708,9
4709,8
4710,17
4711,14
4712,1
4713,5
4714,9
4715,11
4716,16
4717,4
4718,8
4719,8
4720,8
4721,13
4722,10
4723,8
4724,15
4725,6
4726,4
4727,10
4728,13
4729,5
4730,6
4731,17
4732,12
4733,7
4734,13
4735,5
4736,10
4737,10
4738,2
4739,7
4740,5
4741,4
4742,4
4743,2
4744,13
4745,4
4746,16
4747,10
4748,10
4749,5
4750,6
4751,10
4752,0
4753,4
4754,2
4755,3
4756,0
4757,7
4758,11
4759,9
4760,8
4761,3
4762,15
4763,4
4764,10
4765,8
4766,11
4767,8
4768,11
4769,14
4770,5
4771,9
4772,1
4773,9
4774,3
4775,13
4776,11
4777,15
4778,9
4779,14
4780,6
4781,2
4782,7
4783,10
4784,3
4785,8
4786,14
4787,8
4788,5
4789,15
4790,16
4791,16
4792,12
4793,8
4794,10
4795,14
4796,18
4797,13
4798,12
4799,8
4800,10
4801,5
4802,14
4803,9
4804,17
4805,12
4806,9
4807,8
4808,6
4809,13
4810,8
4811,2
4812,11
4813,6
4814,12
4815,7
4816,1
4817,6
4818,8
4819,13
4820,10
4821,14
4822,11
4823,5
4824,12
4825,6
4826,17
4827,14
4828,6
4829,17
4830,10
4831,10
4832,12
4833,16
4834,7
4835,8
4836,16
4837,8
4838,6
4839,9
4840,3
4841,10
4842,10
4843,6
4844,10
4845,7
4846,10
4847,5
4848,10
4849,8
4850,8
4851,12
4852,7
4853,11
4854,9
4855,11
4856,10
4857,4
4858,2
4859,9
4860,3
4861,12
4862,6
4863,15
4864,14
4865,9
4866,5
4867,1
4868,7
4869,6
4870,7
4871,6
4872,7
4873,7
4874,17
4875,10
4876,15
4877,2
4878,6
4879,12
4880,1
4881,1
4882,11
4883,9
4884,6
4885,9
4886,11
4887,4
4888,5
4889,10
4890,6
4891,1
4892,13
4893,15
4894,9
4895,12
4896,7
4897,7
4898,7
4899,7
4900,7
4901,18
4902,8
4903,14
4904,14
4905,12
4906,9
4907,16
4908,12
4909,12
4910,9
4911,5
4912,10
4913,8
4914,9
4915,6
4916,5
4917,9
4918,5
4919,13
4920,10
4921,1
4922,2
4923,1
4924,13
4925,2
4926,3
4927,11
4928,8
4929,17
4930,14
4931,8
4932,7
4933,8
4934,3
4935,8
4936,5
4937,3
4938,7
4939,8
4940,5
4941,9
4942,12
4943,16
4944,10
4945,6
4946,13
4947,2
4948,6
4949,10
4950,10
4951,8
4952,10
4953,7
4954,14
4955,7
4956,8
4957,14
4958,2
4959,11
4960,13
4961,8
4962,10
4963,7
4964,9
4965,6
4966,15
4967,6
4968,9
4969,6
4970,9
4971,8
4972,13
4973,3
4974,10
4975,8
4976,9
4977,11
4978,12
4979,12
4980,14
4981,17
4982,9
4983,10
4984,8
4985,17
4986,7
4987,11
4988,16
4989,12
4990,13
4991,9
4992,8
4993,13
4994,12
4995,1
4996,0
4997,16
4998,6
4999,9
5000,7
5001,8
5002,7
5003,9
5004,7
5005,9
5006,13
5007,3
5008,16
5009,9
5010,1
5011,15
5012,7
5013,5
5014,3
5015,8
5016,9
5017,1
5018,9
5019,8
5020,0
5021,11
5022,5
5023,14
5024,5
5025,8
5026,13
5027,10
5028,7
5029,7
5030,15
5031,15
5032,7
5033,2
5034,8
5035,9
5036,12
5037,4
5038,2
5039,12
5040,11
5041,10
5042,8
5043,9
5044,15
5045,6
5046,12
5047,0
5048,8
5049,4
5050,5
5051,12
5052,11
5053,4
5054,1
5055,8
5056,7
5057,5
5058,5
5059,7
5060,13
5061,18
5062,12
5063,5
5064,13
5065,6
5066,5
5067,13
5068,8
5069,15
5070,13
5071,13
5072,4
5073,0
5074,7
5075,10
5076,5
5077,1
5078,11
5079,15
5080,10
5081,3
5082,10
5083,11
5084,16
5085,1
5086,14
5087,10
5088,6
5089,7
5090,11
5091,11
5092,15
5093,8
5094,8
5095,12
5096,9
5097,13
5098,10
5099,7
5100,9
5101,6
5102,5
5103,3
5104,8
5105,8
5106,9
5107,10
5108,17
5109,14
5110,11
5111,8
5112,9
5113,11
5114,13
5115,8
5116,14
5117,9
5118,16
5119,16
5120,10
5121,9
5122,6
5123,0
5124,2
5125,0
5126,8
5127,3
5128,9
5129,8
5130,11
5131,9
5132,7
5133,7
5134,7
5135,7
5136,5
5137,7
5138,9
5139,8
5140,6
5141,13
5142,14
5143,8
5144,8
5145,1
5146,3
5147,5
5148,6
5149,12
5150,9
5151,12
5152,7
5153,12
5154,9
5155,4
5156,14
5157,13
5158,5
5159,10
5160,11
5161,15
5162,13
5163,8
5164,9
5165,13
5166,14
5167,7
5168,11
5169,9
5170,4
5171,10
5172,18
5173,14
5174,16
5175,12
5176,10
5177,8
5178,2
5179,10
5180,14
5181,5
5182,4
5183,9
5184,3
5185,13
5186,16
5187,7
5188,8
5189,1
5190,1
5191,10
5192,5
5193,10
5194,18
5195,6
5196,6
5197,4
5198,5
5199,10
5200,7
5201,12
5202,6
5203,10
5204,13
5205,3
5206,10
5207,12
5208,13
5209,8
5210,13
5211,6
5212,6
5213,11
5214,9
5215,17
5216,12
5217,18
5218,6
5219,3
5220,8
5221,2
5222,11
5223,6
5224,13
5225,6
5226,10
5227,16
5228,10
5229,9
5230,15
5231,8
5232,3
5233,12
5234,15
5235,10
5236,2
5237,6
5238,16
5239,8
5240,2
5241,15
5242,13
5243,9
5244,15
5245,12
5246,12
5247,16
5248,10
5249,5
5250,1
5251,11
5252,8
5253,6
5254,11
5255,8
5256,8
5257,14
5258,15
5259,5
5260,12
5261,13
5262,14
5263,11
5264,7
5265,12
5266,9
5267,11
5268,2
5269,2
5270,9
5271,7
5272,6
5273,15
5274,5
5275,10
5276,11
5277,16
5278,7
5279,14
5280,13
5281,9
5282,7
5283,4
5284,7
5285,7
5286,11
5287,10
5288,9
5289,13
5290,7
5291,7
5292,5
5293,7
5294,10
5295,1
5296,9
5297,15
5298,4
5299,14
5300,8
5301,2
5302,9
5303,9
5304,17
5305,13
5306,13
5307,15
5308,7
5309,2
5310,13
5311,2
5312,4
5313,6
5314,10
5315,10
5316,2
5317,1
5318,12
5319,10
5320,9
5321,11
5322,1
5323,8
5324,9
5325,14
5326,12
5327,2
5328,14
5329,16
5330,6
5331,16
5332,12
5333,9
5334,9
5335,7
5336,5
5337,8
5338,8
5339,13
5340,3
5341,7
5342,4
5343,4
5344,13
5345,8
5346,3
5347,10
5348,11
5349,12
5350,4
5351,7
5352,5
5353,15
5354,13
5355,8
5356,10
5357,9
5358,9
5359,10
5360,10
5361,16
5362,8
5363,13
5364,14
5365,13
5366,4
5367,14
5368,6
5369,10
5370,12
5371,4
5372,5
5373,10
5374,7
5375,10
5376,4
5377,10
5378,11
5379,3
5380,9
5381,14
5382,14
5383,10
5384,6
5385,9
5386,12
5387,7
5388,12
5389,10
5390,14
5391,10
5392,11
5393,6
5394,9
5395,5
5396,8
5397,5
5398,4
5399,4
5400,7
5401,3
5402,13
5403,15
5404,7
5405,12
5406,12
5407,7
5408,1
5409,8
5410,10
5411,14
5412,15
5413,13
5414,3
5415,5
5416,8
5417,15
5418,16
5419,1
5420,10
5421,17
5422,4
5423,17
5424,11
5425,16
5426,8
5427,11
5428,2
5429,3
5430,5
5431,3
5432,2
5433,4
5434,5
5435,10
5436,7
5437,12
5438,5
5439,12
5440,9
5441,10
5442,9
5443,14
5444,3
5445,5
5446,7
5447,18
5448,5
5449,9
5450,6
5451,8
5452,7
5453,9
5454,5
5455,5
5456,13
5457,9
5458,5
5459,1
5460,12
5461,10
5462,12
5463,9
5464,11
5465,6
5466,8
5467,11
5468,3
5469,12
5470,4
5471,5
5472,9
5473,16
5474,12
5475,5
5476,10
5477,8
5478,15
5479,13
5480,10
5481,6
5482,9
5483,3
5484,8
5485,10
5486,12
5487,14
5488,11
5489,8
5490,11
5491,16
5492,11
5493,17
5494,11
5495,8
5496,2
5497,10
5498,10
5499,9
5500,3
5501,10
5502,0
5503,7
5504,10
5505,13
5506,2
5507,10
5508,10
5509,12
5510,15
5511,6
5512,3
5513,14
5514,12
5515,5
5516,12
5517,11
5518,5
5519,13
5520,10
5521,12
5522,12
5523,12
5524,13
5525,13
5526,7
5527,8
5528,7
5529,13
5530,12
5531,6
5532,14
5533,7
5534,17
5535,10
5536,3
5537,8
5538,5
5539,10
5540,7
5541,14
5542,5
5543,14
5544,10
5545,6
5546,11
5547,11
5548,8
5549,9
5550,12
5551,2
5552,7
5553,6
5554,9
5555,4
5556,9
5557,7
5558,6
5559,7
5560,10
5561,4
5562,5
5563,15
5564,11
5565,10
5566,11
5567,6
5568,7
5569,10
5570,12
5571,4
5572,10
5573,9
5574,10
5575,16
5576,1
5577,10
5578,8
5579,11
5580,11
5581,7
5582,11
5583,11
5584,12
5585,11
5586,5
5587,10
5588,9
5589,0
5590,10
5591,7
5592,8
5593,7
5594,4
5595,18
5596,7
5597,11
5598,16
5599,6
5600,9
5601,12
5602,8
5603,15
5604,13
5605,6
5606,9
5607,10
5608,3
5609,10
5610,10
5611,13
5612,5
5613,11
5614,17
5615,7
5616,15
5617,16
5618,6
5619,3
5620,11
5621,1
5622,6
5623,10
5624,2
5625,8
5626,5
5627,7
5628,13
5629,10
5630,9
5631,10
5632,8
5633,6
5634,6
5635,13
5636,5
5637,6
5638,6
5639,11
5640,11
5641,13
5642,7
5643,7
5644,7
5645,5
5646,7
5647,5
5648,14
5649,13
5650,16
5651,9
5652,11
5653,15
5654,14
5655,10
5656,10
5657,12
5658,16
5659,15
5660,10
5661,8
5662,3
5663,4
5664,15
5665,14
5666,2
5667,8
5668,15
5669,9
5670,7
5671,12
5672,11
5673,15
5674,6
5675,12
5676,14
5677,16
5678,8
5679,9
5680,8
5681,8
5682,4
5683,13
5684,14
5685,12
5686,16
5687,8
5688,9
5689,15
5690,13
5691,7
5692,5
5693,13
5694,10
5695,3
5696,8
5697,2
5698,11
5699,16
5700,3
5701,8
5702,8
5703,9
5704,6
5705,8
5706,9
5707,3
5708,8
5709,2
5710,9
5711,6
5712,9
5713,8
5714,12
5715,4
5716,11
5717,14
5718,16
5719,6
5720,13
5721,9
5722,9
5723,12
5724,8
5725,9
5726,11
5727,15
5728,7
5729,10
5730,6
5731,6
5732,1
5733,9
5734,13
5735,12
5736,4
5737,5
5738,9
5739,14
5740,17
5741,15
5742,7
5743,12
5744,3
5745,16
5746,13
5747,6
5748,9
5749,11
5750,9
5751,11
5752,0
5753,11
5754,9
5755,10
5756,17
5757,4
5758,12
5759,9
5760,7
5761,3
5762,7
5763,11
5764,9
5765,11
5766,9
5767,14
5768,4
5769,9
5770,6
5771,9
5772,12
5773,4
5774,9
5775,3
5776,7
5777,6
5778,2
5779,14
5780,11
5781,8
5782,9
5783,17
5784,10
5785,10
5786,6
5787,9
5788,8
5789,11
5790,7
5791,11
5792,7
5793,11
5794,9
5795,4
5796,6
5797,2
5798,8
5799,9
5800,11
5801,1
5802,8
5803,6
5804,18
5805,5
5806,0
5807,4
5808,13
5809,8
5810,10
5811,3
5812,13
5813,5
5814,1
5815,8
5816,4
5817,8
5818,17
5819,7
5820,12
5821,12
5822,11
5823,14
5824,11
5825,15
5826,12
5827,2
5828,4
5829,7
5830,11
5831,7
5832,11
5833,3
5834,7
5835,11
5836,14
5837,13
5838,6
5839,4
5840,6
5841,3
5842,5
5843,1
5844,13
5845,8
5846,10
5847,7
5848,9
5849,5
5850,2
5851,17
5852,3
5853,5
5854,9
5855,6
5856,13
5857,12
5858,4
5859,8
5860,3
5861,11
5862,6
5863,10
5864,11
5865,7
5866,7
5867,12
5868,10
5869,4
5870,12
5871,6
5872,13
5873,10
5874,10
5875,7
5876,8
5877,8
5878,3
5879,5
5880,2
5881,10
5882,12
5883,9
5884,15
5885,7
5886,4
5887,14
5888,10
5889,11
5890,5
5891,12
5892,2
5893,11
5894,8
5895,13
5896,9
5897,9
5898,4
5899,5
5900,10
5901,8
5902,13
5903,6
5904,8
5905,4
5906,13
5907,11
5908,11
5909,12
5910,10
5911,1
5912,11
5913,3
5914,6
5915,3
5916,9
5917,9
5918,16
5919,14
5920,15
5921,12
5922,7
5923,10
5924,4
5925,7
5926,13
5927,11
5928,14
5929,8
5930,4
5931,2
5932,1
5933,8
5934,12
5935,13
5936,5
5937,18
5938,9
5939,7
5940,4
5941,9
5942,7
5943,1
5944,7
5945,7
5946,6
5947,13
5948,10
5949,9
5950,5
5951,3
5952,11
5953,9
5954,13
5955,11
5956,10
5957,8
5958,12
5959,6
5960,8
5961,6
5962,6
5963,6
5964,8
5965,9
5966,9
5967,8
5968,4
5969,5
5970,8
5971,9
5972,12
5973,4
5974,6
5975,15
5976,9
5977,10
5978,2
5979,15
5980,10
5981,5
5982,7
5983,13
5984,7
5985,11
5986,10
5987,12
5988,13
5989,3
5990,4
5991,11
5992,7
5993,13
5994,14
5995,11
5996,12
5997,11
5998,14
5999,0
6000,14
6001,9
6002,6
6003,2
6004,8
6005,6
6006,10
6007,10
6008,7
6009,9
6010,10
6011,12
6012,1
6013,6
6014,3
6015,11
6016,13
6017,11
6018,11
6019,9
6020,12
6021,7
6022,11
6023,7
6024,1
6025,6
6026,10
6027,8
6028,5
6029,11
6030,7
6031,4
6032,9
6033,4
6034,4
6035,8
6036,17
6037,2
6038,15
6039,6
6040,2
6041,6
6042,6
6043,12
6044,13
6045,13
6046,13
6047,18
6048,13
6049,10
6050,5
6051,8
6052,6
6053,9
6054,9
6055,11
6056,10
6057,13
6058,10
6059,8
6060,11
6061,7
6062,5
6063,8
6064,10
6065,10
6066,9
6067,0
6068,15
6069,6
6070,11
6071,14
6072,8
6073,12
6074,11
6075,7
6076,7
6077,10
6078,8
6079,8
6080,10
6081,13
6082,8
6083,4
6084,15
6085,14
6086,8
6087,17
6088,12
6089,9
6090,9
6091,8
6092,7
6093,9
6094,8
6095,7
6096,11
6097,10
6098,9
6099,15
6100,7
6101,11
6102,5
6103,12
6104,11
6105,4
6106,5
6107,6
6108,7
6109,4
6110,5
6111,17
6112,7
6113,2
6114,7
6115,5
6116,17
6117,4
6118,9
6119,9
6120,9
6121,1
6122,10
6123,8
6124,5
6125,7
6126,11
6127,6
6128,8
6129,7
6130,1
6131,10
6132,11
6133,8
6134,5
6135,15
6136,9
6137,12
6138,18
6139,3
6140,18
6141,2
6142,7
6143,4
6144,12
6145,12
6146,15
6147,17
6148,15
6149,12
6150,8
6151,5
6152,13
6153,8
6154,4
6155,8
6156,12
6157,13
6158,11
6159,14
6160,5
6161,5
6162,6
6163,10
6164,15
6165,9
6166,12
6167,15
6168,9
6169,13
6170,10
6171,4
6172,10
6173,1
6174,6
6175,12
6176,3
6177,12
6178,8
6179,11
6180,3
6181,12
6182,7
6183,7
6184,9
6185,3
6186,5
6187,16
6188,9
6189,4
6190,9
6191,15
6192,7
6193,2
6194,15
6195,11
6196,9
6197,16
6198,3
6199,7
6200,7
6201,2
6202,10
6203,8
6204,9
6205,13
6206,5
6207,14
6208,6
6209,8
6210,16
6211,5
6212,2
6213,4
6214,4
6215,7
6216,9
6217,7
6218,6
6219,12
6220,6
6221,5
6222,4
6223,5
6224,13
6225,4
6226,7
6227,15
6228,8
6229,4
6230,3
6231,6
6232,7
6233,11
6234,10
6235,9
6236,8
6237,3
6238,11
6239,10
6240,12
6241,5
6242,11
6243,11
6244,17
6245,2
6246,12
6247,11
6248,9
6249,4
6250,8
6251,11
6252,9
6253,7
6254,4
6255,12
6256,15
6257,6
6258,6
6259,9
6260,0
6261,10
6262,13
6263,14
6264,13
6265,15
6266,13
6267,9
6268,15
6269,7
6270,8
6271,6
6272,10
6273,7
6274,15
6275,2
6276,3
6277,4
6278,4
6279,5
6280,6
6281,6
6282,5
6283,9
6284,10
6285,2
6286,7
6287,12
6288,5
6289,5
6290,7
6291,8
6292,11
6293,5
6294,6
6295,13
6296,6
6297,12
6298,17
6299,14
6300,6
6301,14
6302,5
6303,15
6304,15
6305,10
6306,7
6307,9
6308,7
6309,13
6310,18
6311,11
6312,7
6313,8
6314,10
6315,10
6316,7
6317,9
6318,9
6319,7
6320,7
6321,3
6322,6
6323,14
6324,8
6325,14
6326,12
6327,14
6328,12
6329,8
6330,7
6331,5
6332,15
6333,5
6334,3
6335,6
6336,1
6337,12
6338,2
6339,12
6340,14
6341,8
6342,4
6343,5
6344,9
6345,13
6346,11
6347,2
6348,6
6349,8
6350,8
6351,14
6352,9
6353,10
6354,16
6355,6
6356,5
6357,9
6358,2
6359,16
6360,2
6361,18
6362,7
6363,9
6364,6
6365,5
6366,6
6367,5
6368,6
6369,5
6370,10
6371,14
6372,11
6373,0
6374,10
6375,2
6376,11
6377,5
6378,9
6379,9
6380,8
6381,11
6382,3
6383,14
6384,9
6385,13
6386,5
6387,13
6388,7
6389,13
6390,7
6391,9
6392,11
6393,15
6394,11
6395,9
6396,0
6397,8
6398,1
6399,14
6400,8
6401,6
6402,13
6403,9
6404,8
6405,15
6406,13
6407,14
6408,6
6409,1
6410,15
6411,12
6412,9
6413,6
6414,15
6415,14
6416,2
6417,4
6418,10
6419,12
6420,4
6421,1
6422,5
6423,5
6424,6
6425,16
6426,3
6427,14
6428,15
6429,15
6430,2
6431,6
6432,4
6433,0
6434,8
6435,15
6436,6
6437,11
6438,13
6439,5
6440,6
6441,11
6442,9
6443,6
6444,5
6445,13
6446,6
6447,11
6448,12
6449,5
6450,7
6451,11
6452,9
6453,10
6454,10
6455,10
6456,2
6457,12
6458,5
6459,3
6460,6
6461,14
6462,7
6463,5
6464,3
6465,13
6466,13
6467,9
6468,9
6469,14
6470,16
6471,4
6472,8
6473,4
6474,5
6475,10
6476,13
6477,17
6478,3
6479,14
6480,9
6481,16
6482,7
6483,8
6484,2
6485,13
6486,9
6487,4
6488,15
6489,10
6490,6
6491,11
6492,8
6493,8
6494,6
6495,9
6496,11
6497,1
6498,10
6499,8
6500,10
6501,11
6502,14
6503,4
6504,5
6505,14
6506,10
6507,4
6508,12
6509,11
6510,13
6511,1
6512,12
6513,11
6514,5
6515,6
6516,7
6517,6
6518,14
6519,6
6520,7
6521,10
6522,7
6523,9
6524,8
6525,15
6526,15
6527,7
6528,11
6529,9
6530,5
6531,5
6532,6
6533,9
6534,7
6535,3
6536,16
6537,4
6538,3
6539,6
6540,8
6541,7
6542,11
6543,9
6544,0
6545,1
6546,7
6547,6
6548,8
6549,11
6550,7
6551,1
6552,14
6553,4
6554,11
6555,8
6556,6
6557,12
6558,5
6559,17
6560,5
6561,7
6562,18
6563,0
6564,16
6565,12
6566,6
6567,10
6568,9
6569,0
6570,5
6571,10
6572,7
6573,8
6574,0
6575,12
6576,5
6577,10
6578,11
6579,9
6580,12
6581,8
6582,9
6583,0
6584,6
6585,4
6586,8
6587,7
6588,6
6589,14
6590,4
6591,6
6592,7
6593,6
6594,8
6595,10
6596,3
6597,10
6598,14
6599,5
6600,10
6601,5
6602,8
6603,7
6604,1
6605,9
6606,6
6607,7
6608,12
6609,13
6610,5
6611,11
6612,10
6613,6
6614,15
6615,8
6616,11
6617,2
6618,9
6619,11
6620,4
6621,14
6622,6
6623,7
6624,15
6625,5
6626,12
6627,9
6628,10
6629,9
6630,10
6631,6
6632,9
6633,16
6634,11
6635,11
6636,9
6637,4
6638,8
6639,7
6640,9
6641,4
6642,15
6643,8
6644,16
6645,13
6646,4
6647,7
6648,12
6649,10
6650,5
6651,6
6652,7
6653,9
6654,13
6655,14
6656,6
6657,6
6658,9
6659,12
6660,11
6661,6
6662,8
6663,8
6664,9
6665,4
6666,3
6667,11
6668,1
6669,13
6670,11
6671,10
6672,7
6673,9
6674,11
6675,12
6676,11
6677,3
6678,17
6679,4
6680,12
6681,11
6682,9
6683,9
6684,8
6685,1
6686,4
6687,8
6688,7
6689,3
6690,9
6691,16
6692,9
6693,15
6694,6
6695,6
6696,2
6697,6
6698,9
6699,14
6700,9
6701,4
6702,4
6703,15
6704,10
6705,4
6706,12
6707,9
6708,11
6709,8
6710,6
6711,11
6712,9
6713,14
6714,8
6715,7
6716,11
6717,11
6718,6
6719,8
6720,9
6721,7
6722,14
6723,0
6724,10
6725,12
6726,9
6727,2
6728,14
6729,4
6730,9
6731,7
6732,8
6733,9
6734,11
6735,9
6736,8
6737,6
6738,12
6739,7
6740,10
6741,7
6742,9
6743,14
6744,11
6745,4
6746,7
6747,5
6748,9
6749,10
6750,11
6751,10
6752,12
6753,1
6754,1
6755,3
6756,13
6757,13
6758,12
6759,8
6760,3
6761,12
6762,5
6763,6
6764,12
6765,10
6766,15
6767,15
6768,15
6769,4
6770,9
6771,9
6772,12
6773,5
6774,16
6775,5
6776,2
6777,15
6778,7
6779,13
6780,8
6781,10
6782,13
6783,6
6784,12
6785,5
6786,3
6787,3
6788,6
6789,12
6790,5
6791,0
6792,5
6793,7
6794,4
6795,11
6796,10
6797,13
6798,11
6799,5
6800,10
6801,3
6802,8
6803,4
6804,7
6805,11
6806,12
6807,11
6808,14
6809,5
6810,2
6811,13
6812,8
6813,17
6814,12
6815,4
6816,9
6817,9
6818,6
6819,3
6820,14
6821,11
6822,8
6823,7
6824,12
6825,10
6826,10
6827,1
6828,10
6829,6
6830,4
6831,2
6832,11
6833,2
6834,17
6835,2
6836,9
6837,3
6838,2
6839,8
6840,8
6841,4
6842,12
6843,7
6844,10
6845,14
6846,7
6847,14
6848,12
6849,2
6850,7
6851,13
6852,3
6853,8
6854,2
6855,13
6856,8
6857,7
6858,10
6859,3
6860,7
6861,9
6862,12
6863,7
6864,6
6865,5
6866,6
6867,11
6868,17
6869,15
6870,8
6871,11
6872,3
6873,5
6874,17
6875,5
6876,11
6877,3
6878,8
6879,9
6880,10
6881,7
6882,7
6883,13
6884,7
6885,10
6886,13
6887,9
6888,16
6889,6
6890,10
6891,7
6892,5
6893,15
6894,13
6895,3
6896,10
6897,3
6898,3
6899,7
6900,7
6901,10
6902,16
6903,12
6904,1
6905,10
6906,10
6907,11
6908,3
6909,14
6910,8
6911,9
6912,10
6913,12
6914,4
6915,5
6916,7
6917,9
6918,13
6919,9
6920,15
6921,5
6922,12
6923,11
6924,7
6925,9
6926,8
6927,13
6928,9
6929,1
6930,16
6931,6
6932,3
6933,10
6934,12
6935,8
6936,7
6937,3
6938,10
6939,10
6940,11
6941,0
6942,11
6943,10
6944,5
6945,7
6946,9
6947,4
6948,17
6949,13
6950,13
6951,7
6952,10
6953,11
6954,14
6955,11
6956,13
6957,11
6958,9
6959,7
6960,9
6961,11
6962,16
6963,9
6964,5
6965,18
6966,17
6967,11
6968,1
6969,10
6970,2
6971,7
6972,10
6973,8
6974,16
6975,14
6976,0
6977,6
6978,1
6979,16
6980,11
6981,5
6982,10
6983,4
6984,14
6985,10
6986,10
6987,11
6988,5
6989,2
6990,10
6991,16
6992,9
6993,1
6994,13
6995,7
6996,13
6997,15
6998,3
6999,3
7000,3
7001,12
7002,13
7003,13
7004,18
7005,8
7006,6
7007,13
7008,9
7009,10
7010,12
7011,9
7012,5
7013,12
7014,1
7015,12
7016,9
7017,8
7018,13
7019,3
7020,4
7021,11
7022,10
7023,10
7024,3
7025,3
7026,9
7027,11
7028,7
7029,8
7030,6
7031,4
7032,13
7033,15
7034,17
7035,8
7036,3
7037,10
7038,11
7039,7
7040,11
7041,9
7042,9
7043,4
7044,9
7045,8
7046,11
7047,10
7048,3
7049,4
7050,4
7051,13
7052,10
7053,8
7054,9
7055,11
7056,8
7057,3
7058,3
7059,10
7060,15
7061,3
7062,11
7063,9
7064,4
7065,2
7066,12
7067,6
7068,17
7069,10
7070,12
7071,5
7072,6
7073,4
7074,16
7075,9
7076,8
7077,10
7078,14
7079,5
7080,2
7081,12
7082,12
7083,8
7084,10
7085,7
7086,5
7087,4
7088,12
7089,2
7090,9
7091,13
7092,11
7093,17
7094,6
7095,8
7096,9
7097,1
7098,11
7099,9
7100,0
7101,5
7102,12
7103,3
7104,9
7105,12
7106,16
7107,5
7108,7
7109,9
7110,6
7111,11
7112,10
7113,14
7114,8
7115,9
7116,7
7117,11
7118,10
7119,12
7120,6
7121,0
7122,3
7123,6
7124,5
7125,4
7126,7
7127,6
7128,3
7129,8
7130,0
7131,8
7132,2
7133,4
7134,13
7135,12
7136,15
7137,4
7138,4
7139,1
7140,9
7141,13
7142,4
7143,10
7144,7
7145,5
7146,13
7147,11
7148,6
7149,7
7150,15
7151,12
7152,10
7153,8
7154,5
7155,9
7156,10
7157,4
7158,8
7159,11
7160,6
7161,3
7162,10
7163,6
7164,2
7165,11
7166,4
7167,10
7168,5
7169,12
7170,8
7171,11
7172,9
7173,10
7174,3
7175,10
7176,3
7177,18
7178,9
7179,7
7180,8
7181,5
7182,10
7183,10
7184,8
7185,11
7186,1
7187,0
7188,10
7189,5
7190,10
7191,16
7192,8
7193,13
7194,11
7195,5
7196,1
7197,18
7198,9
7199,5
7200,8
7201,9
7202,13
7203,10
7204,9
7205,14
7206,12
7207,8
7208,4
7209,12
7210,9
7211,17
7212,15
7213,7
7214,3
7215,1
7216,13
7217,9
7218,12
7219,4
7220,17
7221,14
7222,7
7223,11
7224,14
7225,6
7226,17
7227,8
7228,7
7229,11
7230,12
7231,3
7232,11
7233,17
7234,2
7235,16
7236,7
7237,4
7238,10
7239,11
7240,6
7241,12
7242,15
7243,6
7244,9
7245,9
7246,10
7247,10
7248,9
7249,4
7250,3
7251,17
7252,15
7253,3
7254,7
7255,4
7256,14
7257,12
7258,2
7259,3
7260,2
7261,12
7262,3
7263,6
7264,9
7265,7
7266,13
7267,3
7268,3
7269,17
7270,12
7271,7
7272,15
7273,13
7274,17
7275,3
7276,7
7277,2
7278,1
7279,9
7280,9
7281,7
7282,13
7283,7
7284,2
7285,9
7286,4
7287,4
7288,2
7289,6
7290,16
7291,9
7292,16
7293,2
7294,8
7295,16
7296,17
7297,10
7298,6
7299,8
7300,8
7301,4
7302,14
7303,9
7304,6
7305,7
7306,12
7307,2
7308,15
7309,11
7310,7
7311,8
7312,5
7313,6
7314,11
7315,6
7316,12
7317,9
7318,11
7319,3
7320,15
7321,7
7322,8
7323,8
7324,13
7325,13
7326,7
7327,5
7328,9
7329,7
7330,17
7331,8
7332,13
7333,4
7334,0
7335,9
7336,14
7337,12
7338,14
7339,8
7340,15
7341,6
7342,10
7343,10
7344,11
7345,4
7346,9
7347,7
7348,11
7349,10
7350,13
7351,1
7352,13
7353,3
7354,13
7355,12
7356,13
7357,12
7358,14
7359,14
7360,9
7361,5
7362,8
7363,4
7364,3
7365,4
7366,5
7367,13
7368,5
7369,9
7370,17
7371,16
7372,11
7373,10
7374,4
7375,11
7376,10
7377,16
7378,15
7379,10
7380,11
7381,11
7382,5
7383,6
7384,4
7385,9
7386,6
7387,4
7388,11
7389,7
7390,11
7391,13
7392,15
7393,9
7394,6
7395,5
7396,6
7397,14
7398,12
7399,9
7400,5
7401,11
7402,3
7403,9
7404,13
7405,14
7406,3
7407,8
7408,13
7409,7
7410,10
7411,7
7412,11
7413,11
7414,7
7415,9
7416,11
7417,11
7418,2
7419,8
7420,6
7421,9
7422,8
7423,13
7424,13
7425,6
7426,7
7427,5
7428,7
7429,17
7430,7
7431,2
7432,15
7433,13
7434,3
7435,12
7436,14
7437,6
7438,11
7439,10
7440,15
7441,8
7442,3
7443,12
7444,10
7445,8
7446,10
7447,3
7448,6
7449,8
7450,6
7451,6
7452,8
7453,18
7454,8
7455,5
7456,6
7457,0
7458,5
7459,12
7460,9
7461,9
7462,10
7463,8
7464,16
7465,4
7466,9
7467,3
7468,10
7469,6
7470,8
7471,13
7472,1
7473,11
7474,8
7475,7
7476,2
7477,8
7478,12
7479,8
7480,10
7481,13
7482,1
7483,4
7484,9
7485,17
7486,17
7487,18
7488,10
7489,17
7490,9
7491,9
7492,7
7493,16
7494,7
7495,8
7496,5
7497,6
7498,11
7499,18
7500,7
7501,13
7502,1
7503,14
7504,11
7505,16
7506,14
7507,17
7508,16
7509,11
7510,11
7511,11
7512,15
7513,6
7514,12
7515,15
7516,2
7517,8
7518,9
7519,9
7520,13
7521,9
7522,4
7523,14
7524,14
7525,6
7526,2
7527,7
7528,3
7529,8
7530,9
7531,0
7532,13
7533,2
7534,17
7535,9
7536,9
7537,12
7538,16
7539,10
7540,10
7541,2
7542,6
7543,13
7544,5
7545,9
7546,9
7547,16
7548,8
7549,6
7550,11
7551,12
7552,6
7553,15
7554,15
7555,17
7556,11
7557,14
7558,4
7559,1
7560,13
7561,4
7562,9
7563,17
7564,13
7565,5
7566,6
7567,9
7568,9
7569,7
7570,10
7571,4
7572,4
7573,12
7574,10
7575,9
7576,8
7577,6
7578,7
7579,1
7580,4
7581,11
7582,4
7583,15
7584,3
7585,8
7586,10
7587,7
7588,9
7589,14
7590,10
7591,6
7592,12
7593,15
7594,6
7595,7
7596,6
7597,13
7598,17
7599,13
7600,15
7601,11
7602,5
7603,6
7604,8
7605,11
7606,11
7607,9
7608,12
7609,6
7610,7
7611,9
7612,11
7613,11
7614,11
7615,10
7616,8
7617,13
7618,16
7619,11
7620,9
7621,9
7622,16
7623,8
7624,18
7625,14
7626,2
7627,13
7628,12
7629,10
7630,11
7631,13
7632,14
7633,5
7634,8
7635,8
7636,7
7637,7
7638,8
7639,5
7640,9
7641,6
7642,12
7643,9
7644,13
7645,5
7646,12
7647,14
7648,6
7649,10
7650,15
7651,16
7652,5
7653,15
7654,14
7655,15
7656,13
7657,9
7658,6
7659,7
7660,8
7661,13
7662,5
7663,7
7664,16
7665,5
7666,7
7667,6
7668,13
7669,2
7670,8
7671,4
7672,6
7673,9
7674,3
7675,4
7676,9
7677,15
7678,11
7679,7
7680,15
7681,11
7682,6
7683,18
7684,10
7685,1
7686,9
7687,4
7688,8
7689,14
7690,1
7691,12
7692,9
7693,16
7694,5
7695,10
7696,15
7697,10
7698,8
7699,9
7700,2
7701,7
7702,13
7703,15
7704,13
7705,2
7706,5
7707,7
7708,12
7709,9
7710,8
7711,11
7712,3
7713,8
7714,9
7715,7
7716,12
7717,17
7718,15
7719,7
7720,12
7721,16
7722,11
7723,11
7724,17
7725,9
7726,14
7727,16
7728,1
7729,4
7730,10
7731,7
7732,0
7733,18
7734,16
7735,12
7736,2
7737,7
7738,10
7739,9
7740,11
7741,13
7742,1
7743,5
7744,8
7745,13
7746,16
7747,8
7748,10
7749,3
7750,9
7751,15
7752,16
7753,7
7754,11
7755,4
7756,6
7757,11
7758,9
7759,17
7760,4
7761,9
7762,10
7763,7
7764,13
7765,14
7766,6
7767,13
7768,13
7769,11
7770,4
7771,6
7772,11
7773,2
7774,8
7775,10
7776,14
7777,14
7778,15
7779,4
7780,4
7781,14
7782,12
7783,11
7784,1
7785,11
7786,5
7787,8
7788,8
7789,5
7790,15
7791,15
7792,11
7793,15
7794,9
7795,9
7796,1
7797,11
7798,5
7799,2
7800,3
7801,7
7802,14
7803,10
7804,10
7805,8
7806,7
7807,12
7808,14
7809,6
7810,8
7811,5
7812,14
7813,15
7814,9
7815,5
7816,12
7817,7
7818,13
7819,9
7820,15
7821,14
7822,8
7823,14
7824,17
7825,2
7826,9
7827,9
7828,6
7829,14
7830,6
7831,7
7832,5
7833,7
7834,6
7835,1
7836,10
7837,16
7838,12
7839,7
7840,3
7841,8
7842,10
7843,17
7844,12
7845,12
7846,1
7847,16
7848,11
7849,16
7850,10
7851,6
7852,11
7853,13
7854,5
7855,3
7856,11
7857,6
7858,7
7859,4
7860,3
7861,5
7862,13
7863,7
7864,8
7865,5
7866,1
7867,12
7868,5
7869,3
7870,9
7871,1
7872,5
7873,9
7874,7
7875,6
7876,9
7877,4
7878,7
7879,13
7880,11
7881,13
7882,9
7883,10
7884,8
7885,8
7886,11
7887,8
7888,11
7889,6
7890,11
7891,11
7892,12
7893,12
7894,12
7895,16
7896,15
7897,9
7898,12
7899,7
7900,13
7901,9
7902,9
7903,6
7904,3
7905,6
7906,18
7907,14
7908,13
7909,6
7910,11
7911,3
7912,13
7913,18
7914,12
7915,8
7916,10
7917,14
7918,9
7919,13
7920,8
7921,5
7922,11
7923,16
7924,3
7925,12
7926,8
7927,18
7928,9
7929,9
7930,1
7931,12
7932,12
7933,15
7934,16
7935,9
7936,9
7937,14
7938,6
7939,8
7940,6
7941,13
7942,12
7943,3
7944,10
7945,3
7946,1
7947,16
7948,12
7949,4
7950,5
7951,15
7952,7
7953,13
7954,12
7955,12
7956,10
7957,10
7958,9
7959,9
7960,13
7961,7
7962,13
7963,6
7964,12
7965,13
7966,4
7967,1
7968,8
7969,10
7970,16
7971,5
7972,4
7973,5
7974,10
7975,8
7976,6
7977,9
7978,12
7979,16
7980,10
7981,8
7982,5
7983,9
7984,8
7985,9
7986,10
7987,10
7988,11
7989,7
7990,11
7991,11
7992,11
7993,10
7994,11
7995,9
7996,11
7997,3
7998,11
7999,11
8000,9
8001,11
8002,9
8003,14
8004,11
8005,13
8006,12
8007,7
8008,17
8009,7
8010,12
8011,10
8012,14
8013,2
8014,7
8015,7
8016,10
8017,10
8018,4
8019,9
8020,1
8021,15
8022,16
8023,3
8024,10
8025,11
8026,10
8027,8
8028,13
8029,8
8030,9
8031,2
8032,10
8033,5
8034,6
8035,2
8036,2
8037,6
8038,10
8039,12
8040,12
8041,10
8042,11
8043,5
8044,3
8045,12
8046,8
8047,4
8048,8
8049,11
8050,9
8051,6
8052,10
8053,13
8054,6
8055,3
8056,9
8057,13
8058,6
8059,14
8060,4
8061,6
8062,13
8063,3
8064,8
8065,8
8066,9
8067,10
8068,6
8069,8
8070,10
8071,18
8072,18
8073,5
8074,11
8075,12
8076,14
8077,17
8078,12
8079,1
8080,11
8081,10
8082,14
8083,11
8084,10
8085,5
8086,6
8087,11
8088,9
8089,6
8090,13
8091,8
8092,11
8093,14
8094,16
8095,10
8096,3
8097,13
8098,12
8099,9
8100,9
8101,1
8102,7
8103,6
8104,12
8105,15
8106,14
8107,6
8108,6
8109,1
8110,7
8111,10
8112,9
8113,6
8114,9
8115,6
8116,10
8117,14
8118,11
8119,11
8120,3
8121,12
8122,10
8123,0
8124,11
8125,5
8126,11
8127,5
8128,4
8129,1
8130,14
8131,8
8132,9
8133,7
8134,3
8135,12
8136,1
8137,16
8138,11
8139,14
8140,7
8141,16
8142,14
8143,7
8144,12
8145,12
8146,9
8147,2
8148,10
8149,4
8150,15
8151,15
8152,9
8153,7
8154,10
8155,7
8156,8
8157,4
8158,14
8159,11
8160,7
8161,4
8162,13
8163,9
8164,9
8165,12
8166,11
8167,4
8168,10
8169,11
8170,12
8171,3
8172,5
8173,1
8174,7
8175,12
8176,0
8177,7
8178,8
8179,11
8180,9
8181,8
8182,6
8183,15
8184,0
8185,5
8186,6
8187,15
8188,2
8189,8
8190,8
8191,4
8192,7
8193,9
8194,6
8195,12
8196,5
8197,6
8198,3
8199,11
8200,9
8201,4
8202,11
8203,3
8204,13
8205,6
8206,11
8207,7
8208,6
8209,11
8210,10
8211,9
8212,8
8213,7
8214,8
8215,6
8216,0
8217,7
8218,13
8219,14
8220,14
8221,0
8222,3
8223,7
8224,9
8225,17
8226,8
8227,7
8228,6
8229,14
8230,7
8231,12
8232,17
8233,5
8234,2
8235,11
8236,10
8237,11
8238,2
8239,13
8240,6
8241,11
8242,4
8243,10
8244,12
8245,7
8246,12
8247,8
8248,7
8249,6
8250,3
8251,13
8252,3
8253,6
8254,11
8255,2
8256,17
8257,6
8258,11
8259,2
8260,11
8261,7
8262,12
8263,6
8264,11
8265,17
8266,6
8267,12
8268,14
8269,10
8270,10
8271,7
8272,10
8273,3
8274,8
8275,10
8276,5
8277,12
8278,5
8279,10
8280,13
8281,1
8282,9
8283,16
8284,4
8285,6
8286,4
8287,11
8288,8
8289,6
8290,4
8291,7
8292,7
8293,4
8294,0
8295,10
8296,16
8297,5
8298,11
8299,9
8300,6
8301,11
8302,8
8303,9
8304,11
8305,1
8306,15
8307,10
8308,2
8309,9
8310,12
8311,9
8312,9
8313,8
8314,5
8315,10
8316,13
8317,6
8318,14
8319,5
8320,9
8321,11
8322,14
8323,8
8324,14
8325,13
8326,2
8327,14
8328,14
8329,9
8330,3
8331,7
8332,9
8333,10
8334,5
8335,10
8336,6
8337,4
8338,8
8339,9
8340,11
8341,9
8342,4
8343,9
8344,7
8345,12
8346,7
8347,12
8348,3
8349,10
8350,11
8351,7
8352,5
8353,14
8354,8
8355,12
8356,13
8357,10
8358,12
8359,8
8360,4
8361,12
8362,7
8363,9
8364,10
8365,8
8366,13
8367,9
8368,13
8369,4
8370,4
8371,0
8372,13
8373,16
8374,9
8375,8
8376,10
8377,17
8378,12
8379,9
8380,6
8381,14
8382,1
8383,0
8384,15
8385,11
8386,15
8387,9
8388,9
8389,2
8390,8
8391,12
8392,10
8393,5
8394,11
8395,9
8396,11
8397,15
8398,9
8399,11
8400,8
8401,13
8402,11
8403,10
8404,12
8405,6
8406,8
8407,16
8408,18
8409,15
8410,8
8411,8
8412,18
8413,6
8414,10
8415,7
8416,5
8417,14
8418,7
8419,9
8420,5
8421,15
8422,14
8423,7
8424,13
8425,7
8426,14
8427,11
8428,9
8429,12
8430,8
8431,7
8432,16
8433,6
8434,3
8435,17
8436,3
8437,6
8438,1
8439,4
8440,9
8441,7
8442,8
8443,17
8444,3
8445,10
8446,10
8447,7
8448,7
8449,9
8450,6
8451,10
8452,14
8453,7
8454,14
8455,4
8456,6
8457,10
8458,16
8459,3
8460,7
8461,10
8462,3
8463,14
8464,4
8465,1
8466,16
8467,1
8468,8
8469,9
8470,7
8471,12
8472,13
8473,3
8474,8
8475,7
8476,17
8477,11
8478,9
8479,6
8480,3
8481,13
8482,8
8483,12
8484,6
8485,2
8486,11
8487,14
8488,8
8489,1
8490,14
8491,4
8492,16
8493,10
8494,5
8495,9
8496,7
8497,7
8498,18
8499,2
8500,7
8501,0
8502,13
8503,9
8504,1
8505,9
8506,17
8507,9
8508,1
8509,14
8510,4
8511,2
8512,10
8513,12
8514,4
8515,15
8516,7
8517,8
8518,7
8519,9
8520,5
8521,9
8522,11
8523,4
8524,14
8525,7
8526,9
8527,9
8528,14
8529,6
8530,13
8531,9
8532,14
8533,12
8534,9
8535,11
8536,14
8537,11
8538,11
8539,9
8540,5
8541,8
8542,9
8543,17
8544,11
8545,11
8546,8
8547,2
8548,4
8549,9
8550,7
8551,9
8552,8
8553,8
8554,6
8555,10
8556,10
8557,9
8558,4
8559,11
8560,11
8561,8
8562,3
8563,8
8564,9
8565,15
8566,11
8567,16
8568,14
8569,7
8570,12
8571,11
8572,16
8573,17
8574,15
8575,6
8576,5
8577,10
8578,7
8579,8
8580,9
8581,6
8582,7
8583,4
8584,8
8585,6
8586,6
8587,5
8588,7
8589,9
8590,8
8591,3
8592,10
8593,17
8594,2
8595,13
8596,11
8597,10
8598,8
8599,4
8600,8
8601,17
8602,17
8603,7
8604,11
8605,14
8606,4
8607,11
8608,10
8609,15
8610,14
8611,11
8612,2
8613,2
8614,6
8615,4
8616,10
8617,10
8618,11
8619,17
8620,0
8621,17
8622,17
8623,10
8624,15
8625,4
8626,1
8627,6
8628,12
8629,8
8630,10
8631,13
8632,8
8633,8
8634,15
8635,13
8636,7
8637,10
8638,4
8639,6
8640,10
8641,7
8642,4
8643,5
8644,4
8645,7
8646,12
8647,6
8648,7
8649,5
8650,5
8651,8
8652,8
8653,18
8654,4
8655,11
8656,11
8657,11
8658,7
8659,9
8660,11
8661,12
8662,9
8663,2
8664,5
8665,15
8666,6
8667,5
8668,14
8669,11
8670,9
8671,15
8672,10
8673,9
8674,9
8675,6
8676,10
8677,6
8678,4
8679,5
8680,6
8681,8
8682,7
8683,4
8684,10
8685,10
8686,5
8687,10
8688,11
8689,3
8690,16
8691,9
8692,8
8693,10
8694,11
8695,6
8696,6
8697,7
8698,11
8699,9
8700,4
8701,8
8702,4
8703,10
8704,5
8705,10
8706,8
8707,13
8708,9
8709,4
8710,9
8711,6
8712,9
8713,11
8714,0
8715,10
8716,5
8717,15
8718,3
8719,12
8720,3
8721,7
8722,9
8723,11
8724,11
8725,8
8726,12
8727,15
8728,14
8729,12
8730,6
8731,3
8732,16
8733,11
8734,10
8735,3
8736,8
8737,11
8738,3
8739,13
8740,8
8741,4
8742,0
8743,5
8744,3
8745,9
8746,7
8747,15
8748,14
8749,9
8750,4
8751,8
8752,7
8753,10
8754,11
8755,10
8756,4
8757,9
8758,4
8759,3
8760,12
8761,10
8762,4
8763,5
8764,15
8765,7
8766,17
8767,11
8768,12
8769,9
8770,14
8771,4
8772,6
8773,7
8774,8
8775,12
8776,6
8777,8
8778,10
8779,4
8780,11
8781,10
8782,2
8783,6
8784,13
8785,11
8786,8
8787,6
8788,18
8789,11
8790,9
8791,11
8792,14
8793,11
8794,8
8795,10
8796,9
8797,16
8798,8
8799,11
8800,8
8801,2
8802,6
8803,5
8804,9
8805,7
8806,14
8807,5
8808,15
8809,8
8810,4
8811,8
8812,8
8813,6
8814,16
8815,2
8816,14
8817,7
8818,4
8819,5
8820,11
8821,9
8822,7
8823,12
8824,7
8825,6
8826,2
8827,10
8828,10
8829,10
8830,12
8831,2
8832,5
8833,11
8834,7
8835,14
8836,11
8837,11
8838,3
8839,10
8840,3
8841,8
8842,17
8843,4
8844,4
8845,7
8846,3
8847,15
8848,15
8849,12
8850,9
8851,6
8852,4
8853,11
8854,4
8855,2
8856,8
8857,11
8858,8
8859,1
8860,11
8861,6
8862,7
8863,12
8864,6
8865,9
8866,12
8867,5
8868,2
8869,6
8870,13
8871,17
8872,8
8873,10
8874,6
8875,3
8876,12
8877,2
8878,13
8879,9
8880,3
8881,0
8882,10
8883,5
8884,3
8885,5
8886,3
8887,12
8888,12
8889,8
8890,9
8891,13
8892,2
8893,10
8894,8
8895,15
8896,9
8897,5
8898,5
8899,12
8900,6
8901,6
8902,5
8903,9
8904,11
8905,10
8906,10
8907,11
8908,14
8909,6
8910,7
8911,11
8912,11
8913,8
8914,8
8915,10
8916,13
8917,1
8918,15
8919,16
8920,6
8921,8
8922,5
8923,7
8924,7
8925,9
8926,9
8927,8
8928,16
8929,12
8930,4
8931,11
8932,6
8933,16
8934,12
8935,8
8936,13
8937,12
8938,1
8939,3
8940,10
8941,10
8942,16
8943,10
8944,3
8945,3
8946,10
8947,7
8948,10
8949,14
8950,9
8951,1
8952,9
8953,5
8954,8
8955,7
8956,8
8957,7
8958,18
8959,14
8960,9
8961,5
8962,14
8963,9
8964,4
8965,14
8966,8
8967,11
8968,12
8969,5
8970,14
8971,9
8972,9
8973,13
8974,6
8975,10
8976,5
8977,9
8978,7
8979,5
8980,9
8981,15
8982,15
8983,5
8984,8
8985,13
8986,11
8987,14
8988,15
8989,1
8990,10
8991,3
8992,13
8993,12
8994,18
8995,6
8996,9
8997,10
8998,17
8999,8
9000,3
9001,5
9002,12
9003,6
9004,9
9005,5
9006,7
9007,5
9008,5
9009,18
9010,13
9011,6
9012,12
9013,13
9014,14
9015,11
9016,7
9017,6
9018,5
9019,9
9020,18
9021,11
9022,0
9023,7
9024,10
9025,9
9026,6
9027,11
9028,13
9029,4
9030,10
9031,15
9032,1
9033,11
9034,13
9035,13
9036,3
9037,7
9038,8
9039,13
9040,14
9041,12
9042,12
9043,11
9044,10
9045,16
9046,3
9047,4
9048,8
9049,6
9050,7
9051,10
9052,10
9053,17
9054,10
9055,11
9056,12
9057,10
9058,4
9059,6
9060,1
9061,6
9062,4
9063,10
9064,8
9065,7
9066,8
9067,12
9068,4
9069,9
9070,8
9071,11
9072,12
9073,9
9074,18
9075,1
9076,2
9077,2
9078,10
9079,10
9080,8
9081,14
9082,7
9083,13
9084,7
9085,11
9086,9
9087,10
9088,13
9089,7
9090,14
9091,2
9092,16
9093,17
9094,1
9095,10
9096,10
9097,16
9098,11
9099,9
9100,11
9101,13
9102,4
9103,9
9104,12
9105,11
9106,3
9107,9
9108,6
9109,4
9110,6
9111,8
9112,1
9113,7
9114,12
9115,7
9116,10
9117,6
9118,15
9119,13
9120,6
9121,15
9122,9
9123,15
9124,15
9125,6
9126,11
9127,14
9128,5
9129,7
9130,4
9131,6
9132,6
9133,14
9134,10
9135,5
9136,16
9137,9
9138,8
9139,4
9140,7
9141,13
9142,8
9143,14
9144,15
9145,8
9146,12
9147,8
9148,2
9149,9
9150,1
9151,3
9152,7
9153,17
9154,12
9155,16
9156,13
9157,7
9158,14
9159,3
9160,4
9161,5
9162,7
9163,13
9164,6
9165,9
9166,14
9167,8
9168,13
9169,1
9170,10
9171,15
9172,6
9173,4
9174,18
9175,9
9176,8
9177,7
9178,3
9179,4
9180,16
9181,8
9182,8
9183,5
9184,12
9185,9
9186,7
9187,17
9188,4
9189,7
9190,13
9191,10
9192,13
9193,11
9194,7
9195,10
9196,14
9197,8
9198,11
9199,12
9200,11
9201,10
9202,4
9203,14
9204,13
9205,12
9206,8
9207,10
9208,15
9209,15
9210,8
9211,13
9212,9
9213,9
9214,9
9215,13
9216,6
9217,12
9218,9
9219,3
9220,14
9221,9
9222,9
9223,18
9224,12
9225,16
9226,5
9227,5
9228,1
9229,5
9230,2
9231,5
9232,7
9233,15
9234,6
9235,4
9236,6
9237,3
9238,8
9239,14
9240,7
9241,13
9242,14
9243,4
9244,3
9245,3
9246,4
9247,11
9248,9
9249,5
9250,8
9251,2
9252,10
9253,6
9254,6
9255,9
9256,7
9257,12
9258,10
9259,4
9260,1
9261,11
9262,9
9263,8
9264,13
9265,7
9266,9
9267,10
9268,13
9269,5
9270,6
9271,11
9272,10
9273,8
9274,6
9275,14
9276,11
9277,16
9278,11
9279,8
9280,10
9281,11
9282,13
9283,8
9284,2
9285,8
9286,8
9287,8
9288,10
9289,7
9290,13
9291,5
9292,9
9293,11
9294,6
9295,3
9296,5
9297,18
9298,7
9299,15
9300,13
9301,4
9302,6
9303,9
9304,12
9305,13
9306,2
9307,4
9308,0
9309,2
9310,2
9311,8
9312,11
9313,11
9314,8
9315,12
9316,8
9317,10
9318,7
9319,14
9320,15
9321,6
9322,7
9323,10
9324,9
9325,14
9326,6
9327,9
9328,12
9329,4
9330,12
9331,10
9332,9
9333,7
9334,7
9335,9
9336,2
9337,15
9338,7
9339,11
9340,9
9341,9
9342,10
9343,4
9344,15
9345,2
9346,8
9347,10
9348,17
9349,11
9350,10
9351,2
9352,13
9353,11
9354,8
9355,12
9356,8
9357,5
9358,12
9359,10
9360,13
9361,9
9362,16
9363,7
9364,1
9365,13
9366,8
9367,9
9368,13
9369,8
9370,5
9371,12
9372,3
9373,5
9374,9
9375,11
9376,15
9377,3
9378,7
9379,9
9380,8
9381,12
9382,12
9383,7
9384,5
9385,9
9386,9
9387,17
9388,11
9389,13
9390,6
9391,7
9392,7
9393,12
9394,7
9395,8
9396,11
9397,2
9398,4
9399,11
9400,17
9401,10
9402,9
9403,11
9404,10
9405,6
9406,16
9407,10
9408,11
9409,4
9410,7
9411,6
9412,9
9413,4
9414,11
9415,3
9416,14
9417,17
9418,8
9419,6
9420,0
9421,10
9422,8
9423,12
9424,12
9425,13
9426,2
9427,9
9428,5
9429,12
9430,9
9431,13
9432,1
9433,10
9434,7
9435,5
9436,14
9437,11
9438,10
9439,3
9440,4
9441,11
9442,9
9443,5
9444,9
9445,2
9446,5
9447,8
9448,2
9449,7
9450,10
9451,13
9452,5
9453,12
9454,13
9455,12
9456,13
9457,1
9458,7
9459,6
9460,11
9461,9
9462,6
9463,10
9464,12
9465,14
9466,13
9467,12
9468,7
9469,15
9470,12
9471,12
9472,12
9473,8
9474,3
9475,5
9476,9
9477,13
9478,12
9479,9
9480,9
9481,9
9482,8
9483,4
9484,8
9485,16
9486,5
9487,5
9488,10
9489,2
9490,11
9491,6
9492,8
9493,9
9494,5
9495,14
9496,5
9497,7
9498,9
9499,0
9500,3
9501,12
9502,9
9503,13
9504,14
9505,6
9506,8
9507,3
9508,10
9509,11
9510,13
9511,3
9512,14
9513,10
9514,2
9515,7
9516,8
9517,4
9518,12
9519,15
9520,8
9521,6
9522,2
9523,10
9524,12
9525,10
9526,8
9527,2
9528,6
9529,4
9530,8
9531,4
9532,8
9533,4
9534,8
9535,16
9536,7
9537,10
9538,9
9539,9
9540,18
9541,18
9542,0
9543,11
9544,18
9545,9
9546,6
9547,0
9548,4
9549,10
9550,9
9551,8
9552,3
9553,4
9554,9
9555,9
9556,9
9557,12
9558,8
9559,7
9560,12
9561,7
9562,9
9563,15
9564,5
9565,13
9566,2
9567,7
9568,10
9569,9
9570,10
9571,10
9572,16
9573,5
9574,13
9575,12
9576,8
9577,15
9578,14
9579,12
9580,5
9581,10
9582,11
9583,10
9584,9
9585,10
9586,11
9587,13
9588,15
9589,14
9590,14
9591,3
9592,1
9593,8
9594,7
9595,7
9596,7
9597,14
9598,6
9599,11
9600,9
9601,14
9602,0
9603,11
9604,4
9605,16
9606,4
9607,7
9608,9
9609,6
9610,13
9611,10
9612,12
9613,11
9614,3
9615,4
9616,6
9617,8
9618,3
9619,0
9620,8
9621,6
9622,10
9623,9
9624,1
9625,9
9626,8
9627,12
9628,6
9629,3
9630,10
9631,4
9632,10
9633,9
9634,3
9635,10
9636,9
9637,16
9638,12
9639,4
9640,16
9641,7
9642,4
9643,12
9644,8
9645,14
9646,5
9647,4
9648,11
9649,6
9650,6
9651,13
9652,12
9653,8
9654,8
9655,7
9656,14
9657,8
9658,4
9659,10
9660,9
9661,9
9662,9
9663,13
9664,15
9665,16
9666,17
9667,12
9668,8
9669,5
9670,10
9671,8
9672,9
9673,15
9674,9
9675,9
9676,16
9677,7
9678,16
9679,3
9680,11
9681,8
9682,16
9683,14
9684,11
9685,13
9686,10
9687,5
9688,12
9689,11
9690,5
9691,8
9692,4
9693,7
9694,16
9695,16
9696,8
9697,5
9698,2
9699,12
9700,12
9701,8
9702,6
9703,12
9704,3
9705,7
9706,11
9707,1
9708,13
9709,15
9710,4
9711,11
9712,16
9713,9
9714,15
9715,7
9716,2
9717,6
9718,9
9719,18
9720,10
9721,5
9722,12
9723,2
9724,11
9725,12
9726,7
9727,8
9728,14
9729,18
9730,1
9731,12
9732,6
9733,3
9734,15
9735,11
9736,1
9737,15
9738,16
9739,12
9740,10
9741,11
9742,2
9743,3
9744,4
9745,15
9746,11
9747,3
9748,6
9749,13
9750,2
9751,12
9752,7
9753,3
9754,14
9755,16
9756,4
9757,14
9758,10
9759,8
9760,10
9761,7
9762,8
9763,7
9764,10
9765,3
9766,11
9767,15
9768,14
9769,15
9770,4
9771,5
9772,3
9773,14
9774,11
9775,3
9776,9
9777,3
9778,11
9779,15
9780,13
9781,10
9782,7
9783,16
9784,8
9785,11
9786,6
9787,5
9788,18
9789,12
9790,11
9791,12
9792,8
9793,6
9794,9
9795,1
9796,7
9797,9
9798,10
9799,11
9800,2
9801,12
9802,4
9803,6
9804,18
9805,4
9806,10
9807,8
9808,14
9809,15
9810,5
9811,16
9812,13
9813,9
9814,4
9815,10
9816,4
9817,13
9818,4
9819,9
9820,2
9821,6
9822,3
9823,0
9824,9
9825,7
9826,11
9827,6
9828,12
9829,11
9830,10
9831,4
9832,5
9833,0
9834,8
9835,12
9836,8
9837,4
9838,5
9839,12
9840,8
9841,9
9842,14
9843,2
9844,4
9845,5
9846,10
9847,3
9848,9
9849,10
9850,14
9851,12
9852,9
9853,5
9854,8
9855,7
9856,3
9857,5
9858,6
9859,10
9860,14
9861,5
9862,8
9863,9
9864,13
9865,3
9866,10
9867,15
9868,15
9869,12
9870,9
9871,1
9872,5
9873,8
9874,8
9875,9
9876,2
9877,6
9878,11
9879,9
9880,8
9881,3
9882,7
9883,5
9884,16
9885,14
9886,11
9887,10
9888,4
9889,12
9890,17
9891,7
9892,9
9893,7
9894,17
9895,3
9896,9
9897,9
9898,1
9899,6
9900,9
9901,6
9902,11
9903,11
9904,12
9905,7
9906,11
9907,11
9908,7
9909,3
9910,3
9911,14
9912,14
9913,9
9914,9
9915,13
9916,2
9917,17
9918,9
9919,11
9920,12
9921,10
9922,7
9923,8
9924,7
9925,3
9926,14
9927,12
9928,5
9929,12
9930,13
9931,5
9932,15
9933,11
9934,14
9935,16
9936,10
9937,12
9938,8
9939,8
9940,12
9941,6
9942,11
9943,12
9944,8
9945,12
9946,8
9947,7
9948,2
9949,2
9950,9
9951,7
9952,9
9953,6
9954,9
9955,4
9956,6
9957,10
9958,11
9959,5
9960,17
9961,4
9962,5
9963,7
9964,9
9965,9
9966,6
9967,8
9968,8
9969,7
9970,13
9971,4
9972,9
9973,17
9974,5
9975,5
9976,16
9977,7
9978,11
9979,9
9980,3
9981,6
9982,12
9983,3
9984,10
9985,12
9986,9
9987,10
9988,14
9989,7
9990,8
9991,3
9992,12
9993,2
9994,12
9995,7
9996,12
9997,10
9998,4
9999,6
